paralog_pair,gene_A,gene_B,n_cell_lines_scored,scored_in_PC9,scored_in_HeLa,prediction_PC9,prediction_HeLa
ALG1L1P_ALG1L2,ALG1L1P,ALG1L2,1,TRUE,FALSE,0.130579174,
C1QTNF9_C1QTNF9B,C1QTNF9,C1QTNF9B,1,TRUE,FALSE,0.015640834,
CDK11A_CDK11B,CDK11A,CDK11B,2,TRUE,TRUE,0.20551427,0.36574277
CLASP1_CLASP2,CLASP1,CLASP2,2,TRUE,TRUE,0.18233402,0.081751466
DDT_DDTL,DDT,DDTL,2,TRUE,TRUE,0.000424327,0.095405377
DEFB131A_DEFB131B,DEFB131A,DEFB131B,1,TRUE,FALSE,0.073473632,
HTN1_HTN3,HTN1,HTN3,2,TRUE,TRUE,0.056442827,0.101060539
LCE3D_LCE3E,LCE3D,LCE3E,1,TRUE,FALSE,0.06413963,
LYZL1_LYZL2,LYZL1,LYZL2,1,TRUE,FALSE,0.0394332,
METTL2A_METTL2B,METTL2A,METTL2B,2,TRUE,TRUE,0.06619827,0.13660271
OBP2A_OBP2B,OBP2A,OBP2B,2,TRUE,TRUE,0.002295075,0.052906226
PF4_PF4V1,PF4,PF4V1,2,TRUE,TRUE,0.005562112,0.089583755
SCGB1C1_SCGB1C2,SCGB1C1,SCGB1C2,2,TRUE,TRUE,0.088412128,0.110856518
SEPTIN3_SEPTIN12,SEPTIN3,SEPTIN12,2,TRUE,TRUE,0.010182581,0.012529777
SPAG11A_SPAG11B,SPAG11A,SPAG11B,1,TRUE,FALSE,0.09740565,
SPRR2A_SPRR2B,SPRR2A,SPRR2B,1,TRUE,FALSE,0.025230991,
SRGAP2B_SRGAP2C,SRGAP2B,SRGAP2C,1,TRUE,FALSE,0.086849913,
TGIF2LX_TGIF2LY,TGIF2LX,TGIF2LY,1,TRUE,FALSE,0.01149529,
XCL1_XCL2,XCL1,XCL2,1,TRUE,FALSE,0.010881124,
MARCHF2_MARCHF3,MARCHF2,MARCHF3,2,TRUE,TRUE,0.023236843,0.058489524
AGAP4_AGAP9,AGAP4,AGAP9,1,TRUE,FALSE,0.181359828,
AMY1A_AMY1B,AMY1A,AMY1B,1,TRUE,FALSE,0.303209901,
AMY1A_AMY1C,AMY1A,AMY1C,1,TRUE,FALSE,0.315575957,
AMY1A_AMY2B,AMY1A,AMY2B,1,TRUE,FALSE,0.277664691,
AMY1B_AMY1C,AMY1B,AMY1C,1,TRUE,FALSE,0.302305698,
AMY1B_AMY2B,AMY1B,AMY2B,1,TRUE,FALSE,0.298417956,
AMY1C_AMY2B,AMY1C,AMY2B,1,TRUE,FALSE,0.290387601,
ANKRD18B_ANKRD20A1,ANKRD18B,ANKRD20A1,2,TRUE,TRUE,0.049626242,0.218836427
ANKRD18B_ANKRD30BL,ANKRD18B,ANKRD30BL,2,TRUE,TRUE,0.012148204,0.24710688
ANKRD18B_ANKRD36,ANKRD18B,ANKRD36,2,TRUE,TRUE,0.053607062,0.17890799
ANKRD18B_ANKRD36B,ANKRD18B,ANKRD36B,2,TRUE,TRUE,0.05207428,0.190936863
ANKRD18B_ANKRD36C,ANKRD18B,ANKRD36C,2,TRUE,TRUE,0.046884194,0.176714271
ANKRD18B_POTEB,ANKRD18B,POTEB,2,TRUE,TRUE,0.238841876,0.319781095
ANKRD18B_POTEB2,ANKRD18B,POTEB2,2,TRUE,TRUE,0.252257556,0.306532234
ANKRD18B_POTEB3,ANKRD18B,POTEB3,2,TRUE,TRUE,0.189872086,0.305786431
ANKRD18B_POTEF,ANKRD18B,POTEF,2,TRUE,TRUE,0.112806931,0.28278774
ANKRD18B_POTEG,ANKRD18B,POTEG,2,TRUE,TRUE,0.051211566,0.240182906
ANKRD18B_POTEH,ANKRD18B,POTEH,2,TRUE,TRUE,0.031596489,0.238300875
ANKRD18B_POTEJ,ANKRD18B,POTEJ,2,TRUE,TRUE,0.051054325,0.217184037
ANKRD18B_POTEM,ANKRD18B,POTEM,2,TRUE,TRUE,0.042546313,0.232440323
ANKRD20A1_ANKRD30BL,ANKRD20A1,ANKRD30BL,1,TRUE,FALSE,0.262269706,
ANKRD20A1_ANKRD36,ANKRD20A1,ANKRD36,1,TRUE,FALSE,0.206051528,
ANKRD20A1_ANKRD36B,ANKRD20A1,ANKRD36B,1,TRUE,FALSE,0.147684038,
ANKRD20A1_ANKRD36C,ANKRD20A1,ANKRD36C,2,TRUE,TRUE,0.251231611,0.158991829
ANKRD20A1_POTEB,ANKRD20A1,POTEB,1,TRUE,FALSE,0.302503318,
ANKRD20A1_POTEB2,ANKRD20A1,POTEB2,1,TRUE,FALSE,0.276137829,
ANKRD20A1_POTEB3,ANKRD20A1,POTEB3,1,TRUE,FALSE,0.265608072,
ANKRD20A1_POTEF,ANKRD20A1,POTEF,1,TRUE,FALSE,0.284054875,
ANKRD20A1_POTEG,ANKRD20A1,POTEG,1,TRUE,FALSE,0.144601792,
ANKRD20A1_POTEH,ANKRD20A1,POTEH,1,TRUE,FALSE,0.149091527,
ANKRD20A1_POTEJ,ANKRD20A1,POTEJ,1,TRUE,FALSE,0.16341652,
ANKRD20A1_POTEM,ANKRD20A1,POTEM,1,TRUE,FALSE,0.15960446,
ANKRD30BL_ANKRD36,ANKRD30BL,ANKRD36,1,TRUE,FALSE,0.251571923,
ANKRD30BL_ANKRD36B,ANKRD30BL,ANKRD36B,1,TRUE,FALSE,0.096045822,
ANKRD30BL_ANKRD36C,ANKRD30BL,ANKRD36C,1,FALSE,TRUE,,0.229568928
ANKRD30BL_POTEB,ANKRD30BL,POTEB,1,TRUE,FALSE,0.358302504,
ANKRD30BL_POTEB2,ANKRD30BL,POTEB2,1,TRUE,FALSE,0.351468176,
ANKRD30BL_POTEB3,ANKRD30BL,POTEB3,1,TRUE,FALSE,0.299092174,
ANKRD30BL_POTEF,ANKRD30BL,POTEF,1,TRUE,FALSE,0.345973223,
ANKRD30BL_POTEG,ANKRD30BL,POTEG,1,TRUE,FALSE,0.099057831,
ANKRD30BL_POTEH,ANKRD30BL,POTEH,1,TRUE,FALSE,0.099118575,
ANKRD30BL_POTEJ,ANKRD30BL,POTEJ,1,TRUE,FALSE,0.258157969,
ANKRD30BL_POTEM,ANKRD30BL,POTEM,1,TRUE,FALSE,0.101307176,
ANKRD36B_ANKRD36C,ANKRD36B,ANKRD36C,2,TRUE,TRUE,0.14487268,0.094552048
ANKRD36B_POTEB,ANKRD36B,POTEB,1,TRUE,FALSE,0.360817671,
ANKRD36B_POTEB2,ANKRD36B,POTEB2,1,TRUE,FALSE,0.387327999,
ANKRD36B_POTEB3,ANKRD36B,POTEB3,1,TRUE,FALSE,0.372612447,
ANKRD36B_POTEG,ANKRD36B,POTEG,1,TRUE,FALSE,0.143763825,
ANKRD36B_POTEH,ANKRD36B,POTEH,1,TRUE,FALSE,0.128119498,
ANKRD36B_POTEM,ANKRD36B,POTEM,1,TRUE,FALSE,0.180687219,
ANKRD36C_POTEB,ANKRD36C,POTEB,2,TRUE,TRUE,0.379925072,0.23754631
ANKRD36C_POTEB2,ANKRD36C,POTEB2,2,TRUE,TRUE,0.336316645,0.237404481
ANKRD36C_POTEB3,ANKRD36C,POTEB3,2,TRUE,TRUE,0.305667698,0.210987523
ANKRD36C_POTEG,ANKRD36C,POTEG,2,TRUE,TRUE,0.20531109,0.245302558
ANKRD36C_POTEH,ANKRD36C,POTEH,2,TRUE,TRUE,0.218835339,0.227852166
ANKRD36C_POTEM,ANKRD36C,POTEM,2,TRUE,TRUE,0.237494752,0.246219814
ANKRD36_ANKRD36B,ANKRD36,ANKRD36B,1,TRUE,FALSE,0.177579418,
ANKRD36_ANKRD36C,ANKRD36,ANKRD36C,2,TRUE,TRUE,0.199020937,0.084917657
ANKRD36_POTEB,ANKRD36,POTEB,1,TRUE,FALSE,0.35280627,
ANKRD36_POTEB2,ANKRD36,POTEB2,1,TRUE,FALSE,0.326199055,
ANKRD36_POTEB3,ANKRD36,POTEB3,1,TRUE,FALSE,0.288733661,
ANKRD36_POTEG,ANKRD36,POTEG,1,TRUE,FALSE,0.22517167,
ANKRD36_POTEH,ANKRD36,POTEH,1,TRUE,FALSE,0.234358996,
ANKRD36_POTEM,ANKRD36,POTEM,1,TRUE,FALSE,0.253431231,
ANXA8_ANXA8L1,ANXA8,ANXA8L1,1,TRUE,FALSE,0.231154621,
ARL17A_ARL17B,ARL17A,ARL17B,1,TRUE,FALSE,0.173137769,
ASMT_ASMTL,ASMT,ASMTL,1,TRUE,FALSE,0.022818182,
BPY2B_BPY2C,BPY2B,BPY2C,1,TRUE,FALSE,0.110576645,
BPY2_BPY2B,BPY2,BPY2B,1,TRUE,FALSE,0.108559452,
BPY2_BPY2C,BPY2,BPY2C,1,TRUE,FALSE,0.112839207,
C4A_C4B,C4A,C4B,2,TRUE,TRUE,0.062267561,0.011749103
CCL3L3_CCL4,CCL3L3,CCL4,1,TRUE,FALSE,0.200885132,
CCL3L3_CCL4L2,CCL3L3,CCL4L2,1,TRUE,FALSE,0.333353788,
CCL4_CCL4L2,CCL4,CCL4L2,1,TRUE,FALSE,0.161872432,
CCZ1_CCZ1B,CCZ1,CCZ1B,1,TRUE,FALSE,0.153855786,
CD300E_CD300LB,CD300E,CD300LB,2,TRUE,TRUE,0.000101393,0.00098429
CDY1B_CDY2A,CDY1B,CDY2A,1,TRUE,FALSE,0.077874213,
CDY1B_CDY2B,CDY1B,CDY2B,1,TRUE,FALSE,0.082819037,
CDY1_CDY1B,CDY1,CDY1B,1,TRUE,FALSE,0.086250775,
CDY1_CDY2A,CDY1,CDY2A,1,TRUE,FALSE,0.077874213,
CDY1_CDY2B,CDY1,CDY2B,1,TRUE,FALSE,0.077874213,
CDY2A_CDY2B,CDY2A,CDY2B,1,TRUE,FALSE,0.083992839,
CGB1_CGB2,CGB1,CGB2,1,TRUE,FALSE,0.206491917,
CGB1_CGB3,CGB1,CGB3,1,TRUE,FALSE,0.211085722,
CGB1_CGB5,CGB1,CGB5,1,TRUE,FALSE,0.205641687,
CGB1_CGB7,CGB1,CGB7,1,TRUE,FALSE,0.216342762,
CGB1_CGB8,CGB1,CGB8,1,TRUE,FALSE,0.212017596,
CGB2_CGB3,CGB2,CGB3,1,TRUE,FALSE,0.201651737,
CGB2_CGB5,CGB2,CGB5,1,TRUE,FALSE,0.197028711,
CGB2_CGB7,CGB2,CGB7,1,TRUE,FALSE,0.2063106,
CGB2_CGB8,CGB2,CGB8,1,TRUE,FALSE,0.198921576,
CGB3_CGB5,CGB3,CGB5,1,TRUE,FALSE,0.206985787,
CGB3_CGB7,CGB3,CGB7,1,TRUE,FALSE,0.203734562,
CGB3_CGB8,CGB3,CGB8,1,TRUE,FALSE,0.212357715,
CGB5_CGB7,CGB5,CGB7,1,TRUE,FALSE,0.208513334,
CGB5_CGB8,CGB5,CGB8,1,TRUE,FALSE,0.199943811,
CGB7_CGB8,CGB7,CGB8,1,TRUE,FALSE,0.199205071,
CKMT1A_CKMT1B,CKMT1A,CKMT1B,2,TRUE,TRUE,0.044728596,0.172680959
CSAG2_CSAG3,CSAG2,CSAG3,1,TRUE,FALSE,0.192370236,
CSF2RA_IL3RA,CSF2RA,IL3RA,1,TRUE,FALSE,0.00414759,
CSH1_CSH2,CSH1,CSH2,1,TRUE,FALSE,0.124578714,
CT45A1_CT45A10,CT45A1,CT45A10,1,TRUE,FALSE,0.078654833,
CT45A1_CT45A2,CT45A1,CT45A2,1,TRUE,FALSE,0.089516208,
CT45A1_CT45A3,CT45A1,CT45A3,1,TRUE,FALSE,0.052884046,
CT45A1_CT45A5,CT45A1,CT45A5,1,TRUE,FALSE,0.046534404,
CT45A1_CT45A6,CT45A1,CT45A6,1,TRUE,FALSE,0.092260823,
CT45A1_CT45A7,CT45A1,CT45A7,1,TRUE,FALSE,0.061854128,
CT45A1_CT45A8,CT45A1,CT45A8,1,TRUE,FALSE,0.090709902,
CT45A1_CT45A9,CT45A1,CT45A9,1,TRUE,FALSE,0.06536708,
CT45A2_CT45A10,CT45A2,CT45A10,1,TRUE,FALSE,0.084889956,
CT45A2_CT45A3,CT45A2,CT45A3,1,TRUE,FALSE,0.078910954,
CT45A2_CT45A5,CT45A2,CT45A5,1,TRUE,FALSE,0.080557331,
CT45A2_CT45A6,CT45A2,CT45A6,1,TRUE,FALSE,0.126824036,
CT45A2_CT45A7,CT45A2,CT45A7,1,TRUE,FALSE,0.106250711,
CT45A2_CT45A8,CT45A2,CT45A8,1,TRUE,FALSE,0.134113684,
CT45A2_CT45A9,CT45A2,CT45A9,1,TRUE,FALSE,0.080668859,
CT45A3_CT45A10,CT45A3,CT45A10,1,TRUE,FALSE,0.05472916,
CT45A3_CT45A5,CT45A3,CT45A5,1,TRUE,FALSE,0.095486261,
CT45A3_CT45A6,CT45A3,CT45A6,1,TRUE,FALSE,0.081366807,
CT45A3_CT45A7,CT45A3,CT45A7,1,TRUE,FALSE,0.110056952,
CT45A3_CT45A8,CT45A3,CT45A8,1,TRUE,FALSE,0.109648742,
CT45A3_CT45A9,CT45A3,CT45A9,1,TRUE,FALSE,0.106379583,
CT45A5_CT45A10,CT45A5,CT45A10,1,TRUE,FALSE,0.050619289,
CT45A5_CT45A6,CT45A5,CT45A6,1,TRUE,FALSE,0.087241001,
CT45A5_CT45A7,CT45A5,CT45A7,1,TRUE,FALSE,0.112890445,
CT45A5_CT45A8,CT45A5,CT45A8,1,TRUE,FALSE,0.10319186,
CT45A5_CT45A9,CT45A5,CT45A9,1,TRUE,FALSE,0.098043784,
CT45A6_CT45A10,CT45A6,CT45A10,1,TRUE,FALSE,0.093947798,
CT45A6_CT45A7,CT45A6,CT45A7,1,TRUE,FALSE,0.113444403,
CT45A6_CT45A8,CT45A6,CT45A8,1,TRUE,FALSE,0.119405106,
CT45A6_CT45A9,CT45A6,CT45A9,1,TRUE,FALSE,0.082686156,
CT45A7_CT45A10,CT45A7,CT45A10,1,TRUE,FALSE,0.058482748,
CT45A7_CT45A8,CT45A7,CT45A8,1,TRUE,FALSE,0.142057344,
CT45A7_CT45A9,CT45A7,CT45A9,1,TRUE,FALSE,0.117833354,
CT45A8_CT45A10,CT45A8,CT45A10,1,TRUE,FALSE,0.086562715,
CT45A8_CT45A9,CT45A8,CT45A9,1,TRUE,FALSE,0.110333577,
CT45A9_CT45A10,CT45A9,CT45A10,1,TRUE,FALSE,0.059220128,
CT47A1_CT47A6,CT47A1,CT47A6,1,TRUE,FALSE,0.116225719,
CT47A1_CT47A7,CT47A1,CT47A7,1,TRUE,FALSE,0.070024341,
CT47A6_CT47A7,CT47A6,CT47A7,1,TRUE,FALSE,0.0775479,
CTAG1A_CTAG1B,CTAG1A,CTAG1B,1,TRUE,FALSE,0.14951082,
CTAGE4_CTAGE15,CTAGE4,CTAGE15,1,TRUE,FALSE,0.159381345,
CTAGE4_CTAGE6,CTAGE4,CTAGE6,1,TRUE,FALSE,0.089971371,
CTAGE4_CTAGE8,CTAGE4,CTAGE8,1,TRUE,FALSE,0.077284001,
CTAGE6_CTAGE15,CTAGE6,CTAGE15,1,TRUE,FALSE,0.153050691,
CTAGE6_CTAGE8,CTAGE6,CTAGE8,1,TRUE,FALSE,0.086148836,
CTAGE8_CTAGE15,CTAGE8,CTAGE15,1,TRUE,FALSE,0.142397642,
CTRB1_CTRB2,CTRB1,CTRB2,2,TRUE,TRUE,0.010905767,0.01671713
CXorf49_CXorf49B,CXorf49,CXorf49B,1,TRUE,FALSE,0.080351919,
CXorf51A_CXorf51B,CXorf51A,CXorf51B,1,TRUE,FALSE,0.221095338,
DAZ1_DAZ2,DAZ1,DAZ2,1,TRUE,FALSE,0.061291002,
DAZ1_DAZ3,DAZ1,DAZ3,1,TRUE,FALSE,0.06282071,
DAZ1_DAZ4,DAZ1,DAZ4,1,TRUE,FALSE,0.063135706,
DAZ2_DAZ3,DAZ2,DAZ3,1,TRUE,FALSE,0.063715219,
DAZ2_DAZ4,DAZ2,DAZ4,1,TRUE,FALSE,0.076416492,
DAZ3_DAZ4,DAZ3,DAZ4,1,TRUE,FALSE,0.072554037,
DEFA1B_DEFA3,DEFA1B,DEFA3,1,TRUE,FALSE,0.006677856,
DEFA1_DEFA1B,DEFA1,DEFA1B,1,TRUE,FALSE,0.047621015,
DEFA1_DEFA3,DEFA1,DEFA3,1,TRUE,FALSE,0.025835985,
DEFB103A_DEFB103B,DEFB103A,DEFB103B,1,TRUE,FALSE,0.111606866,
DEFB104A_DEFB104B,DEFB104A,DEFB104B,1,TRUE,FALSE,0.112623595,
DEFB105A_DEFB105B,DEFB105A,DEFB105B,1,TRUE,FALSE,0.106315844,
DEFB107A_DEFB107B,DEFB107A,DEFB107B,1,TRUE,FALSE,0.109537289,
DEFB130A_DEFB130B,DEFB130A,DEFB130B,1,TRUE,FALSE,0.105684206,
DEFB4A_DEFB4B,DEFB4A,DEFB4B,1,TRUE,FALSE,0.029784894,
DMRTC1_DMRTC1B,DMRTC1,DMRTC1B,1,TRUE,FALSE,0.091646507,
DNAH8_DNAH17,DNAH8,DNAH17,2,TRUE,TRUE,0.009013346,0.000108106
EFCAB8_WDR49,EFCAB8,WDR49,2,TRUE,TRUE,0.065275423,0.06017939
EIF3C_EIF3CL,EIF3C,EIF3CL,1,TRUE,FALSE,0.5412278,
ELOA3BP_ELOA3DP,ELOA3BP,ELOA3DP,1,TRUE,FALSE,0.090328775,
ELOA3BP_ELOA3P,ELOA3BP,ELOA3P,1,TRUE,FALSE,0.098651633,
ELOA3CP_ELOA3DP,ELOA3CP,ELOA3DP,1,TRUE,FALSE,0.052589439,
ELOA3CP_ELOA3P,ELOA3CP,ELOA3P,1,TRUE,FALSE,0.069973283,
ELOA3DP_ELOA3P,ELOA3DP,ELOA3P,1,TRUE,FALSE,0.086887851,
ERVV-1_ERVV-2,ERVV-1,ERVV-2,1,TRUE,FALSE,0.158591151,
FABP5_FABP9,FABP5,FABP9,2,TRUE,TRUE,0.074297123,0.008967615
FAM156A_FAM156B,FAM156A,FAM156B,1,TRUE,FALSE,0.05880386,
FAM25C_FAM25G,FAM25C,FAM25G,1,TRUE,FALSE,0.27711606,
FAM72A_FAM72B,FAM72A,FAM72B,1,TRUE,FALSE,0.171470612,
FAM72A_FAM72C,FAM72A,FAM72C,1,TRUE,FALSE,0.152291089,
FAM72A_FAM72D,FAM72A,FAM72D,1,TRUE,FALSE,0.088064216,
FAM72B_FAM72C,FAM72B,FAM72C,1,TRUE,FALSE,0.155261174,
FAM72B_FAM72D,FAM72B,FAM72D,1,TRUE,FALSE,0.124101467,
FAM72C_FAM72D,FAM72C,FAM72D,1,TRUE,FALSE,0.088304579,
FAM90A1_FAM90A26,FAM90A1,FAM90A26,2,TRUE,TRUE,0.058178145,0.11551705
FCGBP_ZAN,FCGBP,ZAN,2,TRUE,TRUE,0.004010844,0.003909615
FFAR3_GPR42,FFAR3,GPR42,1,TRUE,FALSE,0.166979969,
FFAR3_P2RY8,FFAR3,P2RY8,1,TRUE,FALSE,0.010798674,
FOLR3_IZUMO1R,FOLR3,IZUMO1R,2,TRUE,TRUE,0.044876121,0.018629652
FOXD1_FOXD4L1,FOXD1,FOXD4L1,2,TRUE,TRUE,0.012290356,0.003569629
FOXD1_FOXD4L3,FOXD1,FOXD4L3,2,TRUE,TRUE,0.012369128,0.003609363
FOXD1_FOXD4L4,FOXD1,FOXD4L4,2,TRUE,TRUE,0.0122137,0.004334786
FOXD1_FOXD4L5,FOXD1,FOXD4L5,2,TRUE,TRUE,0.007536243,0.004746254
FOXD1_FOXD4L6,FOXD1,FOXD4L6,2,TRUE,TRUE,0.031772748,0.062700912
FOXD1_FOXI3,FOXD1,FOXI3,2,TRUE,TRUE,0.011975962,0.005039635
FOXD4L1_FOXD4L3,FOXD4L1,FOXD4L3,1,TRUE,FALSE,0.115257047,
FOXD4L1_FOXD4L4,FOXD4L1,FOXD4L4,1,TRUE,FALSE,0.060302611,
FOXD4L1_FOXD4L5,FOXD4L1,FOXD4L5,1,TRUE,FALSE,0.065068968,
FOXD4L1_FOXD4L6,FOXD4L1,FOXD4L6,1,TRUE,FALSE,0.08391057,
FOXD4L1_FOXI3,FOXD4L1,FOXI3,1,TRUE,FALSE,0.017446063,
FOXD4L3_FOXD4L4,FOXD4L3,FOXD4L4,1,TRUE,FALSE,0.078143723,
FOXD4L3_FOXD4L5,FOXD4L3,FOXD4L5,1,TRUE,FALSE,0.098674633,
FOXD4L3_FOXD4L6,FOXD4L3,FOXD4L6,1,TRUE,FALSE,0.103779338,
FOXD4L3_FOXI3,FOXD4L3,FOXI3,1,TRUE,FALSE,0.038127225,
FOXD4L4_FOXD4L5,FOXD4L4,FOXD4L5,1,TRUE,FALSE,0.097129822,
FOXD4L4_FOXD4L6,FOXD4L4,FOXD4L6,1,TRUE,FALSE,0.102719612,
FOXD4L4_FOXI3,FOXD4L4,FOXI3,1,TRUE,FALSE,0.041516829,
FOXD4L5_FOXD4L6,FOXD4L5,FOXD4L6,1,TRUE,FALSE,0.096237443,
FOXD4L5_FOXI3,FOXD4L5,FOXI3,1,TRUE,FALSE,0.054146957,
FOXD4L6_FOXI3,FOXD4L6,FOXI3,1,TRUE,FALSE,0.05924347,
GAGE10_GAGE12C,GAGE10,GAGE12C,1,TRUE,FALSE,0.017862964,
GAGE10_GAGE12D,GAGE10,GAGE12D,1,TRUE,FALSE,0.0174393,
GAGE10_GAGE12E,GAGE10,GAGE12E,1,TRUE,FALSE,0.020508047,
GAGE10_GAGE12J,GAGE10,GAGE12J,1,TRUE,FALSE,0.02181283,
GAGE10_GAGE13,GAGE10,GAGE13,1,TRUE,FALSE,0.041555047,
GAGE12C_GAGE12D,GAGE12C,GAGE12D,1,TRUE,FALSE,0.110287145,
GAGE12C_GAGE12E,GAGE12C,GAGE12E,1,TRUE,FALSE,0.104722157,
GAGE12C_GAGE12J,GAGE12C,GAGE12J,1,TRUE,FALSE,0.094923772,
GAGE12C_GAGE13,GAGE12C,GAGE13,1,TRUE,FALSE,0.100100398,
GAGE12D_GAGE12J,GAGE12D,GAGE12J,1,TRUE,FALSE,0.093395993,
GAGE12E_GAGE12J,GAGE12E,GAGE12J,1,TRUE,FALSE,0.089789942,
GAGE12J_GAGE13,GAGE12J,GAGE13,1,TRUE,FALSE,0.094740905,
GAGE1_GAGE10,GAGE1,GAGE10,1,TRUE,FALSE,0.020646345,
GAGE1_GAGE12C,GAGE1,GAGE12C,1,TRUE,FALSE,0.093332969,
GAGE1_GAGE12D,GAGE1,GAGE12D,1,TRUE,FALSE,0.083945535,
GAGE1_GAGE12E,GAGE1,GAGE12E,1,TRUE,FALSE,0.082439885,
GAGE1_GAGE12J,GAGE1,GAGE12J,1,TRUE,FALSE,0.089606375,
GAGE1_GAGE13,GAGE1,GAGE13,1,TRUE,FALSE,0.084388226,
GAGE1_GAGE2A,GAGE1,GAGE2A,1,TRUE,FALSE,0.025001684,
GAGE2A_GAGE10,GAGE2A,GAGE10,1,TRUE,FALSE,0.028493412,
GAGE2A_GAGE12C,GAGE2A,GAGE12C,1,TRUE,FALSE,0.038748208,
GAGE2A_GAGE12D,GAGE2A,GAGE12D,1,TRUE,FALSE,0.038331542,
GAGE2A_GAGE12E,GAGE2A,GAGE12E,1,TRUE,FALSE,0.040939882,
GAGE2A_GAGE12J,GAGE2A,GAGE12J,1,TRUE,FALSE,0.042368926,
GAGE2A_GAGE13,GAGE2A,GAGE13,1,TRUE,FALSE,0.04423745,
GGT1_GGT2P,GGT1,GGT2P,1,TRUE,FALSE,0.019981608,
GGT1_GGTLC3,GGT1,GGTLC3,1,TRUE,FALSE,0.034332152,
GOLGA6A_GOLGA6C,GOLGA6A,GOLGA6C,1,TRUE,FALSE,0.161794186,
GOLGA6A_GOLGA6D,GOLGA6A,GOLGA6D,1,TRUE,FALSE,0.158551335,
GOLGA6A_GOLGA6L1,GOLGA6A,GOLGA6L1,1,TRUE,FALSE,0.134686545,
GOLGA6A_GOLGA6L2,GOLGA6A,GOLGA6L2,2,TRUE,TRUE,0.039886624,0.153041586
GOLGA6A_GOLGA6L6,GOLGA6A,GOLGA6L6,1,TRUE,FALSE,0.218577385,
GOLGA6A_GOLGA6L7,GOLGA6A,GOLGA6L7,1,TRUE,FALSE,0.127836272,
GOLGA6A_GOLGA8A,GOLGA6A,GOLGA8A,1,TRUE,FALSE,0.080734827,
GOLGA6A_GOLGA8B,GOLGA6A,GOLGA8B,1,TRUE,FALSE,0.063835569,
GOLGA6A_GOLGA8F,GOLGA6A,GOLGA8F,1,TRUE,FALSE,0.128234729,
GOLGA6A_GOLGA8G,GOLGA6A,GOLGA8G,1,TRUE,FALSE,0.075819761,
GOLGA6A_GOLGA8H,GOLGA6A,GOLGA8H,1,TRUE,FALSE,0.142221093,
GOLGA6A_GOLGA8J,GOLGA6A,GOLGA8J,1,TRUE,FALSE,0.146412954,
GOLGA6A_GOLGA8K,GOLGA6A,GOLGA8K,1,TRUE,FALSE,0.15177995,
GOLGA6A_GOLGA8O,GOLGA6A,GOLGA8O,1,TRUE,FALSE,0.148870751,
GOLGA6A_GOLGA8Q,GOLGA6A,GOLGA8Q,1,TRUE,FALSE,0.106315583,
GOLGA6A_GOLGA8S,GOLGA6A,GOLGA8S,1,TRUE,FALSE,0.1155288,
GOLGA6A_GOLGA8T,GOLGA6A,GOLGA8T,1,TRUE,FALSE,0.105815582,
GOLGA6C_GOLGA6D,GOLGA6C,GOLGA6D,1,TRUE,FALSE,0.17315115,
GOLGA6C_GOLGA6L1,GOLGA6C,GOLGA6L1,1,TRUE,FALSE,0.141492099,
GOLGA6C_GOLGA6L2,GOLGA6C,GOLGA6L2,2,TRUE,TRUE,0.024305372,0.175618798
GOLGA6C_GOLGA6L6,GOLGA6C,GOLGA6L6,1,TRUE,FALSE,0.237345368,
GOLGA6C_GOLGA6L7,GOLGA6C,GOLGA6L7,1,TRUE,FALSE,0.137545258,
GOLGA6C_GOLGA8A,GOLGA6C,GOLGA8A,1,TRUE,FALSE,0.071039386,
GOLGA6C_GOLGA8B,GOLGA6C,GOLGA8B,1,TRUE,FALSE,0.066143706,
GOLGA6C_GOLGA8F,GOLGA6C,GOLGA8F,1,TRUE,FALSE,0.105359174,
GOLGA6C_GOLGA8G,GOLGA6C,GOLGA8G,1,TRUE,FALSE,0.094849646,
GOLGA6C_GOLGA8H,GOLGA6C,GOLGA8H,1,TRUE,FALSE,0.145670041,
GOLGA6C_GOLGA8J,GOLGA6C,GOLGA8J,1,TRUE,FALSE,0.151356846,
GOLGA6C_GOLGA8K,GOLGA6C,GOLGA8K,1,TRUE,FALSE,0.151222587,
GOLGA6C_GOLGA8O,GOLGA6C,GOLGA8O,1,TRUE,FALSE,0.15016067,
GOLGA6C_GOLGA8Q,GOLGA6C,GOLGA8Q,1,TRUE,FALSE,0.106054686,
GOLGA6C_GOLGA8S,GOLGA6C,GOLGA8S,1,TRUE,FALSE,0.114071481,
GOLGA6C_GOLGA8T,GOLGA6C,GOLGA8T,1,TRUE,FALSE,0.106721357,
GOLGA6D_GOLGA6L1,GOLGA6D,GOLGA6L1,1,TRUE,FALSE,0.14005737,
GOLGA6D_GOLGA6L2,GOLGA6D,GOLGA6L2,2,TRUE,TRUE,0.025818039,0.175178319
GOLGA6D_GOLGA6L6,GOLGA6D,GOLGA6L6,1,TRUE,FALSE,0.239584073,
GOLGA6D_GOLGA6L7,GOLGA6D,GOLGA6L7,1,TRUE,FALSE,0.138811409,
GOLGA6D_GOLGA8A,GOLGA6D,GOLGA8A,1,TRUE,FALSE,0.071782775,
GOLGA6D_GOLGA8B,GOLGA6D,GOLGA8B,1,TRUE,FALSE,0.067125186,
GOLGA6D_GOLGA8F,GOLGA6D,GOLGA8F,1,TRUE,FALSE,0.099301569,
GOLGA6D_GOLGA8G,GOLGA6D,GOLGA8G,1,TRUE,FALSE,0.088397205,
GOLGA6D_GOLGA8H,GOLGA6D,GOLGA8H,1,TRUE,FALSE,0.146551654,
GOLGA6D_GOLGA8J,GOLGA6D,GOLGA8J,1,TRUE,FALSE,0.148601919,
GOLGA6D_GOLGA8K,GOLGA6D,GOLGA8K,1,TRUE,FALSE,0.150206417,
GOLGA6D_GOLGA8O,GOLGA6D,GOLGA8O,1,TRUE,FALSE,0.151114076,
GOLGA6D_GOLGA8Q,GOLGA6D,GOLGA8Q,1,TRUE,FALSE,0.101575129,
GOLGA6D_GOLGA8S,GOLGA6D,GOLGA8S,1,TRUE,FALSE,0.111773141,
GOLGA6D_GOLGA8T,GOLGA6D,GOLGA8T,1,TRUE,FALSE,0.102241799,
GOLGA6L1_GOLGA6L2,GOLGA6L1,GOLGA6L2,2,TRUE,TRUE,0.057957634,0.165897578
GOLGA6L1_GOLGA6L22,GOLGA6L1,GOLGA6L22,1,TRUE,FALSE,0.221831337,
GOLGA6L1_GOLGA6L6,GOLGA6L1,GOLGA6L6,1,TRUE,FALSE,0.171847239,
GOLGA6L1_GOLGA6L7,GOLGA6L1,GOLGA6L7,1,TRUE,FALSE,0.107339524,
GOLGA6L2_GOLGA6L22,GOLGA6L2,GOLGA6L22,2,TRUE,TRUE,0.047209121,0.153892279
GOLGA6L2_GOLGA6L6,GOLGA6L2,GOLGA6L6,2,TRUE,TRUE,0.12940377,0.130114838
GOLGA6L2_GOLGA6L7,GOLGA6L2,GOLGA6L7,2,TRUE,TRUE,0.004743682,0.141012132
GOLGA6L2_GOLGA8A,GOLGA6L2,GOLGA8A,2,TRUE,TRUE,0.006677964,0.129809514
GOLGA6L2_GOLGA8B,GOLGA6L2,GOLGA8B,2,TRUE,TRUE,0.010230871,0.128564999
GOLGA6L4_GOLGA6L10,GOLGA6L4,GOLGA6L10,1,TRUE,FALSE,0.101217955,
GOLGA6L4_GOLGA6L9,GOLGA6L4,GOLGA6L9,1,TRUE,FALSE,0.175856441,
GOLGA6L6_GOLGA6L22,GOLGA6L6,GOLGA6L22,1,TRUE,FALSE,0.368177176,
GOLGA6L6_GOLGA6L7,GOLGA6L6,GOLGA6L7,1,TRUE,FALSE,0.201171234,
GOLGA6L7_GOLGA8A,GOLGA6L7,GOLGA8A,1,TRUE,FALSE,0.014428677,
GOLGA6L7_GOLGA8B,GOLGA6L7,GOLGA8B,1,TRUE,FALSE,0.006873177,
GOLGA6L7_GOLGA8H,GOLGA6L7,GOLGA8H,1,TRUE,FALSE,0.128341138,
GOLGA6L7_GOLGA8J,GOLGA6L7,GOLGA8J,1,TRUE,FALSE,0.149337322,
GOLGA6L7_GOLGA8K,GOLGA6L7,GOLGA8K,1,TRUE,FALSE,0.136906296,
GOLGA6L7_GOLGA8O,GOLGA6L7,GOLGA8O,1,TRUE,FALSE,0.147021487,
GOLGA6L9_GOLGA6L10,GOLGA6L9,GOLGA6L10,1,TRUE,FALSE,0.163303763,
GOLGA8A_GOLGA8B,GOLGA8A,GOLGA8B,1,TRUE,FALSE,0.082800813,
GOLGA8A_GOLGA8F,GOLGA8A,GOLGA8F,1,TRUE,FALSE,0.008835024,
GOLGA8A_GOLGA8G,GOLGA8A,GOLGA8G,1,TRUE,FALSE,0.008369926,
GOLGA8A_GOLGA8H,GOLGA8A,GOLGA8H,1,TRUE,FALSE,0.094135292,
GOLGA8A_GOLGA8J,GOLGA8A,GOLGA8J,1,TRUE,FALSE,0.091887578,
GOLGA8A_GOLGA8K,GOLGA8A,GOLGA8K,1,TRUE,FALSE,0.100672916,
GOLGA8A_GOLGA8O,GOLGA8A,GOLGA8O,1,TRUE,FALSE,0.095353343,
GOLGA8A_GOLGA8Q,GOLGA8A,GOLGA8Q,1,TRUE,FALSE,0.020592768,
GOLGA8A_GOLGA8S,GOLGA8A,GOLGA8S,1,TRUE,FALSE,0.021231165,
GOLGA8A_GOLGA8T,GOLGA8A,GOLGA8T,1,TRUE,FALSE,0.022161299,
GOLGA8B_GOLGA8F,GOLGA8B,GOLGA8F,1,TRUE,FALSE,0.005824612,
GOLGA8B_GOLGA8G,GOLGA8B,GOLGA8G,1,TRUE,FALSE,0.004597896,
GOLGA8B_GOLGA8H,GOLGA8B,GOLGA8H,1,TRUE,FALSE,0.075876012,
GOLGA8B_GOLGA8J,GOLGA8B,GOLGA8J,1,TRUE,FALSE,0.078198642,
GOLGA8B_GOLGA8K,GOLGA8B,GOLGA8K,1,TRUE,FALSE,0.081387065,
GOLGA8B_GOLGA8O,GOLGA8B,GOLGA8O,1,TRUE,FALSE,0.076227255,
GOLGA8B_GOLGA8Q,GOLGA8B,GOLGA8Q,1,TRUE,FALSE,0.007985289,
GOLGA8B_GOLGA8S,GOLGA8B,GOLGA8S,1,TRUE,FALSE,0.009232628,
GOLGA8B_GOLGA8T,GOLGA8B,GOLGA8T,1,TRUE,FALSE,0.009344588,
GOLGA8F_GOLGA8H,GOLGA8F,GOLGA8H,1,TRUE,FALSE,0.097576588,
GOLGA8F_GOLGA8J,GOLGA8F,GOLGA8J,1,TRUE,FALSE,0.108264796,
GOLGA8F_GOLGA8K,GOLGA8F,GOLGA8K,1,TRUE,FALSE,0.101755753,
GOLGA8F_GOLGA8O,GOLGA8F,GOLGA8O,1,TRUE,FALSE,0.103533119,
GOLGA8G_GOLGA8H,GOLGA8G,GOLGA8H,1,TRUE,FALSE,0.088404901,
GOLGA8G_GOLGA8J,GOLGA8G,GOLGA8J,1,TRUE,FALSE,0.103074998,
GOLGA8G_GOLGA8K,GOLGA8G,GOLGA8K,1,TRUE,FALSE,0.092820473,
GOLGA8G_GOLGA8O,GOLGA8G,GOLGA8O,1,TRUE,FALSE,0.094778098,
GOLGA8H_GOLGA8J,GOLGA8H,GOLGA8J,1,TRUE,FALSE,0.156249076,
GOLGA8H_GOLGA8K,GOLGA8H,GOLGA8K,1,TRUE,FALSE,0.15816009,
GOLGA8H_GOLGA8O,GOLGA8H,GOLGA8O,1,TRUE,FALSE,0.160500214,
GOLGA8H_GOLGA8Q,GOLGA8H,GOLGA8Q,1,TRUE,FALSE,0.110738806,
GOLGA8H_GOLGA8S,GOLGA8H,GOLGA8S,1,TRUE,FALSE,0.110255167,
GOLGA8H_GOLGA8T,GOLGA8H,GOLGA8T,1,TRUE,FALSE,0.104669064,
GOLGA8J_GOLGA8K,GOLGA8J,GOLGA8K,1,TRUE,FALSE,0.162855312,
GOLGA8J_GOLGA8O,GOLGA8J,GOLGA8O,1,TRUE,FALSE,0.166781396,
GOLGA8J_GOLGA8Q,GOLGA8J,GOLGA8Q,1,TRUE,FALSE,0.118452854,
GOLGA8J_GOLGA8S,GOLGA8J,GOLGA8S,1,TRUE,FALSE,0.12438257,
GOLGA8J_GOLGA8T,GOLGA8J,GOLGA8T,1,TRUE,FALSE,0.115343906,
GOLGA8K_GOLGA8O,GOLGA8K,GOLGA8O,1,TRUE,FALSE,0.163648501,
GOLGA8K_GOLGA8Q,GOLGA8K,GOLGA8Q,1,TRUE,FALSE,0.117598653,
GOLGA8K_GOLGA8S,GOLGA8K,GOLGA8S,1,TRUE,FALSE,0.112805121,
GOLGA8K_GOLGA8T,GOLGA8K,GOLGA8T,1,TRUE,FALSE,0.114538953,
GOLGA8O_GOLGA8Q,GOLGA8O,GOLGA8Q,1,TRUE,FALSE,0.119700462,
GOLGA8O_GOLGA8S,GOLGA8O,GOLGA8S,1,TRUE,FALSE,0.124689408,
GOLGA8O_GOLGA8T,GOLGA8O,GOLGA8T,1,TRUE,FALSE,0.11049284,
GPR42_P2RY8,GPR42,P2RY8,1,TRUE,FALSE,0.007702204,
GPR89A_GPR89B,GPR89A,GPR89B,1,TRUE,FALSE,0.2513584,
GPRASP2_GPRASP3,GPRASP2,GPRASP3,2,TRUE,TRUE,0.008228326,0.008912718
GRAP_GRAPL,GRAP,GRAPL,2,TRUE,TRUE,0.028140474,0.06313175
GRIFIN_LGALS9B,GRIFIN,LGALS9B,1,TRUE,FALSE,0.070925556,
GRIFIN_LGALS9C,GRIFIN,LGALS9C,1,TRUE,FALSE,0.029723773,
GSTT2B_GSTT4,GSTT2B,GSTT4,1,TRUE,FALSE,0.010447554,
GTF2IRD2_GTF2IRD2B,GTF2IRD2,GTF2IRD2B,1,TRUE,FALSE,0.018415369,
H2AB1_H2AB2,H2AB1,H2AB2,1,TRUE,FALSE,0.043874409,
H2AB1_H2AB3,H2AB1,H2AB3,1,TRUE,FALSE,0.090298228,
H2AB1_H2AC13,H2AB1,H2AC13,1,TRUE,FALSE,0.132671341,
H2AB1_H2AC14,H2AB1,H2AC14,1,TRUE,FALSE,0.054215021,
H2AB1_H2AC18,H2AB1,H2AC18,1,TRUE,FALSE,0.065177478,
H2AB1_H2AC19,H2AB1,H2AC19,1,TRUE,FALSE,0.080769226,
H2AB2_H2AB3,H2AB2,H2AB3,1,TRUE,FALSE,0.087370068,
H2AB2_H2AC13,H2AB2,H2AC13,1,TRUE,FALSE,0.100905538,
H2AB2_H2AC14,H2AB2,H2AC14,1,TRUE,FALSE,0.051463883,
H2AB2_H2AC18,H2AB2,H2AC18,1,TRUE,FALSE,0.041057032,
H2AB2_H2AC19,H2AB2,H2AC19,1,TRUE,FALSE,0.062975831,
H2AB3_H2AC13,H2AB3,H2AC13,1,TRUE,FALSE,0.127076715,
H2AB3_H2AC14,H2AB3,H2AC14,1,TRUE,FALSE,0.073237978,
H2AB3_H2AC18,H2AB3,H2AC18,1,TRUE,FALSE,0.087266907,
H2AB3_H2AC19,H2AB3,H2AC19,1,TRUE,FALSE,0.087009497,
H2AC13_H2AC14,H2AC13,H2AC14,1,TRUE,FALSE,0.158565938,
H2AC13_H2AC18,H2AC13,H2AC18,1,TRUE,FALSE,0.143654898,
H2AC13_H2AC19,H2AC13,H2AC19,1,TRUE,FALSE,0.133194447,
H2AC14_H2AC18,H2AC14,H2AC18,1,TRUE,FALSE,0.111828186,
H2AC14_H2AC19,H2AC14,H2AC19,1,TRUE,FALSE,0.095149621,
H2AC18_H2AC19,H2AC18,H2AC19,1,TRUE,FALSE,0.151851729,
H2BC12L_H2BC21,H2BC12L,H2BC21,1,TRUE,FALSE,0.12849756,
H2BC12_H2BC12L,H2BC12,H2BC12L,1,TRUE,FALSE,0.046689082,
H2BC12_H2BC21,H2BC12,H2BC21,1,TRUE,FALSE,0.10244658,
H2BC12_H2BK1,H2BC12,H2BK1,1,TRUE,FALSE,0.04711321,
H2BC21_H2BK1,H2BC21,H2BK1,1,TRUE,FALSE,0.09861485,
H2BC7_H2BC12,H2BC7,H2BC12,1,TRUE,FALSE,0.065139249,
H2BC7_H2BC12L,H2BC7,H2BC12L,1,TRUE,FALSE,0.091367163,
H2BC7_H2BC21,H2BC7,H2BC21,1,TRUE,FALSE,0.123608924,
H2BC7_H2BK1,H2BC7,H2BK1,1,TRUE,FALSE,0.083893113,
H3C13_H3C14,H3C13,H3C14,1,TRUE,FALSE,0.26000005,
H3C13_H3C15,H3C13,H3C15,1,TRUE,FALSE,0.25173467,
H3C13_H3Y1,H3C13,H3Y1,1,TRUE,FALSE,0.146092147,
H3C14_H3C15,H3C14,H3C15,1,TRUE,FALSE,0.29011196,
H3C14_H3Y1,H3C14,H3Y1,1,TRUE,FALSE,0.207445279,
H3C15_H3Y1,H3C15,H3Y1,1,TRUE,FALSE,0.20117943,
H4C11_H4C12,H4C11,H4C12,1,TRUE,FALSE,0.116112255,
H4C11_H4C14,H4C11,H4C14,1,TRUE,FALSE,0.13444969,
H4C11_H4C15,H4C11,H4C15,1,TRUE,FALSE,0.18266107,
H4C12_H4C14,H4C12,H4C14,1,TRUE,FALSE,0.084902793,
H4C12_H4C15,H4C12,H4C15,1,TRUE,FALSE,0.105066262,
H4C14_H4C15,H4C14,H4C15,1,TRUE,FALSE,0.145721003,
HBA1_HBA2,HBA1,HBA2,1,TRUE,FALSE,0.091510847,
HNRNPCL2_HNRNPCL3,HNRNPCL2,HNRNPCL3,1,TRUE,FALSE,0.065909594,
HNRNPCL2_HNRNPCL4,HNRNPCL2,HNRNPCL4,1,TRUE,FALSE,0.065211162,
HNRNPCL3_HNRNPCL4,HNRNPCL3,HNRNPCL4,1,TRUE,FALSE,0.125640407,
HSFX1_HSFX2,HSFX1,HSFX2,1,TRUE,FALSE,0.086897202,
HSFX1_HSFY1,HSFX1,HSFY1,1,TRUE,FALSE,0.012451854,
HSFX1_HSFY2,HSFX1,HSFY2,1,TRUE,FALSE,0.011483055,
HSFX2_HSFY1,HSFX2,HSFY1,1,TRUE,FALSE,0.046609372,
HSFX2_HSFY2,HSFX2,HSFY2,1,TRUE,FALSE,0.049511816,
HSFX3_HSFY1,HSFX3,HSFY1,1,TRUE,FALSE,0.011202052,
HSFX3_HSFY2,HSFX3,HSFY2,1,TRUE,FALSE,0.010496441,
HSFX4_HSFY1,HSFX4,HSFY1,1,TRUE,FALSE,0.0105475,
HSFX4_HSFY2,HSFX4,HSFY2,1,TRUE,FALSE,0.008880982,
HSFY1_HSFY2,HSFY1,HSFY2,1,TRUE,FALSE,0.106468804,
HSPA1A_HSPA1B,HSPA1A,HSPA1B,1,TRUE,FALSE,0.35225675,
IFNA13_IFNA21,IFNA13,IFNA21,1,TRUE,FALSE,0.050722998,
IFNA1_IFNA13,IFNA1,IFNA13,1,TRUE,FALSE,0.076793224,
IFNA1_IFNA21,IFNA1,IFNA21,1,TRUE,FALSE,0.056183621,
KRT81_KRT86,KRT81,KRT86,2,TRUE,TRUE,0.031052178,0.117876381
KRTAP10-1_KRTAP10-4,KRTAP10-1,KRTAP10-4,2,TRUE,TRUE,0.027760219,0.159989685
KRTAP10-1_KRTAP10-6,KRTAP10-1,KRTAP10-6,2,TRUE,TRUE,0.039271824,0.257260948
KRTAP10-1_KRTAP10-7,KRTAP10-1,KRTAP10-7,2,TRUE,TRUE,0.055938113,0.200662598
KRTAP10-4_KRTAP10-6,KRTAP10-4,KRTAP10-6,2,TRUE,TRUE,0.010114854,0.110331684
KRTAP10-4_KRTAP10-7,KRTAP10-4,KRTAP10-7,2,TRUE,TRUE,0.037477229,0.11635305
KRTAP10-6_KRTAP10-7,KRTAP10-6,KRTAP10-7,2,TRUE,TRUE,0.083453767,0.179005966
KRTAP2-1_KRTAP2-2,KRTAP2-1,KRTAP2-2,1,TRUE,FALSE,0.035728939,
KRTAP2-1_KRTAP2-3,KRTAP2-1,KRTAP2-3,1,TRUE,FALSE,0.035988454,
KRTAP2-1_KRTAP2-4,KRTAP2-1,KRTAP2-4,1,TRUE,FALSE,0.030251319,
KRTAP2-2_KRTAP2-3,KRTAP2-2,KRTAP2-3,1,TRUE,FALSE,0.100488134,
KRTAP2-2_KRTAP2-4,KRTAP2-2,KRTAP2-4,1,TRUE,FALSE,0.048703942,
KRTAP2-3_KRTAP2-4,KRTAP2-3,KRTAP2-4,1,TRUE,FALSE,0.126789197,
KRTAP4-1_KRTAP4-3,KRTAP4-1,KRTAP4-3,2,TRUE,TRUE,0.024894016,0.015796484
KRTAP4-1_KRTAP4-4,KRTAP4-1,KRTAP4-4,2,TRUE,TRUE,0.015870312,0.057423767
KRTAP4-1_KRTAP4-7,KRTAP4-1,KRTAP4-7,1,TRUE,FALSE,0.034423932,
KRTAP4-3_KRTAP4-4,KRTAP4-3,KRTAP4-4,2,TRUE,TRUE,0.017193677,0.051335458
KRTAP4-3_KRTAP4-7,KRTAP4-3,KRTAP4-7,2,TRUE,TRUE,0.017894965,0.046564281
KRTAP4-4_KRTAP4-7,KRTAP4-4,KRTAP4-7,2,TRUE,TRUE,0.042340286,0.075743869
KRTAP9-2_KRTAP9-4,KRTAP9-2,KRTAP9-4,1,TRUE,FALSE,0.114376135,
LCN1_OBP2A,LCN1,OBP2A,2,TRUE,TRUE,0.002862305,0.111123532
LCN1_OBP2B,LCN1,OBP2B,2,TRUE,TRUE,0.003771664,0.079176225
LGALS9B_LGALS9C,LGALS9B,LGALS9C,1,TRUE,FALSE,0.06846258,
LIMS3_LIMS4,LIMS3,LIMS4,1,TRUE,FALSE,0.172361463,
LRRC37A_LRRC37A2,LRRC37A,LRRC37A2,1,TRUE,FALSE,0.200710803,
LYZL1_SPACA5,LYZL1,SPACA5,1,TRUE,FALSE,0.003565494,
LYZL1_SPACA5B,LYZL1,SPACA5B,1,TRUE,FALSE,0.001532008,
LYZL2_SPACA5,LYZL2,SPACA5,1,TRUE,FALSE,0.009520367,
LYZL2_SPACA5B,LYZL2,SPACA5B,1,TRUE,FALSE,0.010284519,
MAGEA2B_MAGEA3,MAGEA2B,MAGEA3,1,TRUE,FALSE,0.1144384,
MAGEA2B_MAGEA6,MAGEA2B,MAGEA6,1,TRUE,FALSE,0.119400471,
MAGEA2B_MAGEA9,MAGEA2B,MAGEA9,1,TRUE,FALSE,0.122671567,
MAGEA2B_MAGEA9B,MAGEA2B,MAGEA9B,1,TRUE,FALSE,0.101327553,
MAGEA2B_MAGED4,MAGEA2B,MAGED4,1,TRUE,FALSE,0.079621613,
MAGEA2B_MAGED4B,MAGEA2B,MAGED4B,1,TRUE,FALSE,0.121435538,
MAGEA2B_MAGEL2,MAGEA2B,MAGEL2,2,TRUE,TRUE,0.070879661,0.073863052
MAGEA2_MAGEA2B,MAGEA2,MAGEA2B,1,TRUE,FALSE,0.247735515,
MAGEA2_MAGEA3,MAGEA2,MAGEA3,1,TRUE,FALSE,0.110927254,
MAGEA2_MAGEA6,MAGEA2,MAGEA6,1,TRUE,FALSE,0.116762772,
MAGEA2_MAGEA9,MAGEA2,MAGEA9,1,TRUE,FALSE,0.143536761,
MAGEA2_MAGEA9B,MAGEA2,MAGEA9B,1,TRUE,FALSE,0.096704841,
MAGEA2_MAGED4,MAGEA2,MAGED4,1,TRUE,FALSE,0.078001156,
MAGEA2_MAGED4B,MAGEA2,MAGED4B,1,TRUE,FALSE,0.117188305,
MAGEA2_MAGEL2,MAGEA2,MAGEL2,2,TRUE,TRUE,0.067490213,0.070914574
MAGEA3_MAGEA6,MAGEA3,MAGEA6,1,TRUE,FALSE,0.124273099,
MAGEA3_MAGEA9,MAGEA3,MAGEA9,1,TRUE,FALSE,0.114754163,
MAGEA3_MAGEA9B,MAGEA3,MAGEA9B,1,TRUE,FALSE,0.08690916,
MAGEA3_MAGED4,MAGEA3,MAGED4,1,TRUE,FALSE,0.055452947,
MAGEA3_MAGED4B,MAGEA3,MAGED4B,1,TRUE,FALSE,0.112025216,
MAGEA3_MAGEL2,MAGEA3,MAGEL2,2,TRUE,TRUE,0.06635908,0.061499394
MAGEA6_MAGEA9,MAGEA6,MAGEA9,1,TRUE,FALSE,0.105645783,
MAGEA6_MAGEA9B,MAGEA6,MAGEA9B,1,TRUE,FALSE,0.07958027,
MAGEA6_MAGED4,MAGEA6,MAGED4,1,TRUE,FALSE,0.054089479,
MAGEA6_MAGED4B,MAGEA6,MAGED4B,1,TRUE,FALSE,0.102815397,
MAGEA6_MAGEL2,MAGEA6,MAGEL2,2,TRUE,TRUE,0.057519838,0.064545266
MAGEA9B_MAGED4,MAGEA9B,MAGED4,1,TRUE,FALSE,0.095493928,
MAGEA9B_MAGED4B,MAGEA9B,MAGED4B,1,TRUE,FALSE,0.120980769,
MAGEA9B_MAGEL2,MAGEA9B,MAGEL2,2,TRUE,TRUE,0.06032595,0.066851787
MAGEA9_MAGEA9B,MAGEA9,MAGEA9B,1,TRUE,FALSE,0.142268494,
MAGEA9_MAGED4,MAGEA9,MAGED4,1,TRUE,FALSE,0.103968248,
MAGEA9_MAGED4B,MAGEA9,MAGED4B,1,TRUE,FALSE,0.140838981,
MAGEA9_MAGEL2,MAGEA9,MAGEL2,2,TRUE,TRUE,0.086775392,0.071565591
MAGED4_MAGED4B,MAGED4,MAGED4B,1,TRUE,FALSE,0.072830915,
MARCHF1_MARCHF2,MARCHF1,MARCHF2,1,TRUE,FALSE,0.018511131,
MARCHF1_MARCHF3,MARCHF1,MARCHF3,2,TRUE,TRUE,0.00076761,0.083552629
MARCHF1_MARCHF6,MARCHF1,MARCHF6,2,TRUE,TRUE,0.033546243,0.308465272
MARCHF1_MARCHF8,MARCHF1,MARCHF8,2,TRUE,TRUE,0.00539769,0.00174945
MARCHF2_MARCHF6,MARCHF2,MARCHF6,2,TRUE,TRUE,0.234682038,0.395561904
MARCHF2_MARCHF8,MARCHF2,MARCHF8,2,TRUE,TRUE,0.123655505,0.008964318
MARCHF3_MARCHF6,MARCHF3,MARCHF6,2,TRUE,TRUE,0.114205733,0.374411285
MARCHF3_MARCHF8,MARCHF3,MARCHF8,2,TRUE,TRUE,0.042306248,0.005010418
MARCHF4_MARCHF11,MARCHF4,MARCHF11,2,TRUE,TRUE,0.0007375,0.018718474
MARCHF4_MARCHF9,MARCHF4,MARCHF9,2,TRUE,TRUE,0.000546282,0.000467303
MARCHF7_MARCHF10,MARCHF7,MARCHF10,2,TRUE,TRUE,0.009442238,0.000942795
MARCHF9_MARCHF11,MARCHF9,MARCHF11,2,TRUE,TRUE,0.001136816,0.06543085
MBD3L2B_MBD3L3,MBD3L2B,MBD3L3,1,TRUE,FALSE,0.083733208,
MBD3L2B_MBD3L4,MBD3L2B,MBD3L4,1,TRUE,FALSE,0.130910248,
MBD3L2B_MBD3L5,MBD3L2B,MBD3L5,1,TRUE,FALSE,0.095238931,
MBD3L2_MBD3L2B,MBD3L2,MBD3L2B,1,TRUE,FALSE,0.090632379,
MBD3L2_MBD3L3,MBD3L2,MBD3L3,1,TRUE,FALSE,0.10768342,
MBD3L2_MBD3L4,MBD3L2,MBD3L4,1,TRUE,FALSE,0.115963466,
MBD3L2_MBD3L5,MBD3L2,MBD3L5,1,TRUE,FALSE,0.10235516,
MBD3L3_MBD3L4,MBD3L3,MBD3L4,1,TRUE,FALSE,0.119187281,
MBD3L3_MBD3L5,MBD3L3,MBD3L5,1,TRUE,FALSE,0.119088709,
MBD3L4_MBD3L5,MBD3L4,MBD3L5,1,TRUE,FALSE,0.122897208,
METTL2A_METTL8,METTL2A,METTL8,2,TRUE,TRUE,0.013547301,0.052317932
METTL2B_METTL8,METTL2B,METTL8,2,TRUE,TRUE,0.027110133,0.044878237
MS4A4E_MS4A18,MS4A4E,MS4A18,1,FALSE,TRUE,,0.17109707
MT1G_MT1HL1,MT1G,MT1HL1,2,TRUE,TRUE,0.010010485,0.026618892
MT1G_MT1X,MT1G,MT1X,2,TRUE,TRUE,0.03121927,0.04543931
MT1HL1_MT1X,MT1HL1,MT1X,1,TRUE,FALSE,0.038582437,
MTARC1_MTARC2,MTARC1,MTARC2,1,TRUE,FALSE,0.005899637,
MTRNR2L1_MTRNR2L3,MTRNR2L1,MTRNR2L3,1,TRUE,FALSE,0.05445559,
MTRNR2L1_MTRNR2L5,MTRNR2L1,MTRNR2L5,1,TRUE,FALSE,0.12348865,
MTRNR2L1_MTRNR2L6,MTRNR2L1,MTRNR2L6,1,TRUE,FALSE,0.053399079,
MTRNR2L1_MTRNR2L8,MTRNR2L1,MTRNR2L8,1,TRUE,FALSE,0.035924502,
MTRNR2L3_MTRNR2L5,MTRNR2L3,MTRNR2L5,1,TRUE,FALSE,0.182628497,
MTRNR2L3_MTRNR2L6,MTRNR2L3,MTRNR2L6,1,TRUE,FALSE,0.07715261,
MTRNR2L3_MTRNR2L8,MTRNR2L3,MTRNR2L8,1,TRUE,FALSE,0.0599485,
MTRNR2L5_MTRNR2L6,MTRNR2L5,MTRNR2L6,1,TRUE,FALSE,0.063143216,
MTRNR2L5_MTRNR2L8,MTRNR2L5,MTRNR2L8,1,TRUE,FALSE,0.040495638,
MTRNR2L6_MTRNR2L8,MTRNR2L6,MTRNR2L8,1,TRUE,FALSE,0.012869202,
MUC5AC_OTOGL,MUC5AC,OTOGL,2,TRUE,TRUE,0.002156692,0.000848884
NBPF10_NBPF11,NBPF10,NBPF11,1,TRUE,FALSE,0.250630617,
NBPF10_NBPF12,NBPF10,NBPF12,1,TRUE,FALSE,0.186107814,
NBPF10_NBPF14,NBPF10,NBPF14,2,TRUE,TRUE,0.113793641,0.1121905
NBPF10_NBPF15,NBPF10,NBPF15,1,TRUE,FALSE,0.251409113,
NBPF10_NBPF19,NBPF10,NBPF19,1,TRUE,FALSE,0.188421875,
NBPF10_NBPF20,NBPF10,NBPF20,1,TRUE,FALSE,0.096968211,
NBPF10_NBPF26,NBPF10,NBPF26,1,TRUE,FALSE,0.289085686,
NBPF11_NBPF12,NBPF11,NBPF12,1,TRUE,FALSE,0.116601132,
NBPF11_NBPF14,NBPF11,NBPF14,2,TRUE,TRUE,0.276666552,0.218791157
NBPF11_NBPF15,NBPF11,NBPF15,1,TRUE,FALSE,0.114876635,
NBPF11_NBPF19,NBPF11,NBPF19,1,TRUE,FALSE,0.342118084,
NBPF11_NBPF26,NBPF11,NBPF26,1,TRUE,FALSE,0.272066176,
NBPF12_NBPF14,NBPF12,NBPF14,2,TRUE,TRUE,0.140762255,0.123331912
NBPF12_NBPF15,NBPF12,NBPF15,1,TRUE,FALSE,0.124125607,
NBPF12_NBPF19,NBPF12,NBPF19,1,TRUE,FALSE,0.248702705,
NBPF12_NBPF20,NBPF12,NBPF20,1,TRUE,FALSE,0.23122327,
NBPF12_NBPF26,NBPF12,NBPF26,1,TRUE,FALSE,0.208583668,
NBPF14_NBPF15,NBPF14,NBPF15,2,TRUE,TRUE,0.277344108,0.245573997
NBPF14_NBPF19,NBPF14,NBPF19,2,TRUE,TRUE,0.210910484,0.180558145
NBPF14_NBPF20,NBPF14,NBPF20,2,TRUE,TRUE,0.11278066,0.123348467
NBPF14_NBPF26,NBPF14,NBPF26,2,TRUE,TRUE,0.233182877,0.100219786
NBPF15_NBPF19,NBPF15,NBPF19,1,TRUE,FALSE,0.342821628,
NBPF15_NBPF20,NBPF15,NBPF20,1,TRUE,FALSE,0.252275467,
NBPF15_NBPF26,NBPF15,NBPF26,1,TRUE,FALSE,0.256374359,
NBPF19_NBPF20,NBPF19,NBPF20,1,TRUE,FALSE,0.210630849,
NBPF1_NBPF10,NBPF1,NBPF10,1,TRUE,FALSE,0.236458272,
NBPF1_NBPF11,NBPF1,NBPF11,1,TRUE,FALSE,0.099617705,
NBPF1_NBPF12,NBPF1,NBPF12,1,TRUE,FALSE,0.044049583,
NBPF1_NBPF14,NBPF1,NBPF14,2,TRUE,TRUE,0.223853737,0.193795025
NBPF1_NBPF15,NBPF1,NBPF15,1,TRUE,FALSE,0.163507283,
NBPF1_NBPF20,NBPF1,NBPF20,1,TRUE,FALSE,0.249227077,
NBPF1_NBPF4,NBPF1,NBPF4,1,TRUE,FALSE,0.170953497,
NBPF1_NBPF6,NBPF1,NBPF6,1,TRUE,FALSE,0.1586072,
NBPF1_NBPF9,NBPF1,NBPF9,1,TRUE,FALSE,0.080864944,
NBPF20_NBPF26,NBPF20,NBPF26,1,TRUE,FALSE,0.302010536,
NBPF4_NBPF10,NBPF4,NBPF10,1,TRUE,FALSE,0.26864633,
NBPF4_NBPF11,NBPF4,NBPF11,1,TRUE,FALSE,0.177954376,
NBPF4_NBPF12,NBPF4,NBPF12,1,TRUE,FALSE,0.204380676,
NBPF4_NBPF14,NBPF4,NBPF14,2,TRUE,TRUE,0.265336514,0.188445345
NBPF4_NBPF15,NBPF4,NBPF15,1,TRUE,FALSE,0.131986886,
NBPF4_NBPF19,NBPF4,NBPF19,1,TRUE,FALSE,0.192171484,
NBPF4_NBPF26,NBPF4,NBPF26,1,TRUE,FALSE,0.316538811,
NBPF4_NBPF6,NBPF4,NBPF6,1,TRUE,FALSE,0.307676584,
NBPF6_NBPF10,NBPF6,NBPF10,1,TRUE,FALSE,0.281423658,
NBPF6_NBPF11,NBPF6,NBPF11,1,TRUE,FALSE,0.23018463,
NBPF6_NBPF12,NBPF6,NBPF12,1,TRUE,FALSE,0.194433108,
NBPF6_NBPF14,NBPF6,NBPF14,2,TRUE,TRUE,0.28164649,0.178594545
NBPF6_NBPF15,NBPF6,NBPF15,1,TRUE,FALSE,0.163557976,
NBPF6_NBPF19,NBPF6,NBPF19,1,TRUE,FALSE,0.249073237,
NBPF6_NBPF26,NBPF6,NBPF26,1,TRUE,FALSE,0.313861042,
NBPF9_NBPF10,NBPF9,NBPF10,1,TRUE,FALSE,0.237030119,
NBPF9_NBPF11,NBPF9,NBPF11,1,TRUE,FALSE,0.100901783,
NBPF9_NBPF12,NBPF9,NBPF12,1,TRUE,FALSE,0.101600975,
NBPF9_NBPF14,NBPF9,NBPF14,2,TRUE,TRUE,0.219208449,0.213316917
NBPF9_NBPF15,NBPF9,NBPF15,1,TRUE,FALSE,0.120759785,
NBPF9_NBPF19,NBPF9,NBPF19,1,TRUE,FALSE,0.339155585,
NBPF9_NBPF20,NBPF9,NBPF20,1,TRUE,FALSE,0.241089106,
NBPF9_NBPF26,NBPF9,NBPF26,1,TRUE,FALSE,0.188105643,
NLRP2B_PYDC2,NLRP2B,PYDC2,2,TRUE,TRUE,0.149656057,0.122532919
NPIPA1_NPIPA2,NPIPA1,NPIPA2,1,TRUE,FALSE,0.150926039,
NPIPA1_NPIPA3,NPIPA1,NPIPA3,1,TRUE,FALSE,0.153072983,
NPIPA1_NPIPA5,NPIPA1,NPIPA5,1,TRUE,FALSE,0.117432229,
NPIPA1_NPIPA7,NPIPA1,NPIPA7,1,TRUE,FALSE,0.122966774,
NPIPA1_NPIPA8,NPIPA1,NPIPA8,1,TRUE,FALSE,0.133464634,
NPIPA1_NPIPB11,NPIPA1,NPIPB11,1,TRUE,FALSE,0.318641424,
NPIPA1_NPIPB12,NPIPA1,NPIPB12,1,TRUE,FALSE,0.272430241,
NPIPA1_NPIPB13,NPIPA1,NPIPB13,1,TRUE,FALSE,0.315193117,
NPIPA1_NPIPB15,NPIPA1,NPIPB15,1,TRUE,FALSE,0.15020825,
NPIPA1_NPIPB2,NPIPA1,NPIPB2,1,TRUE,FALSE,0.121338032,
NPIPA1_NPIPB3,NPIPA1,NPIPB3,1,TRUE,FALSE,0.268701375,
NPIPA1_NPIPB4,NPIPA1,NPIPB4,1,TRUE,FALSE,0.37111938,
NPIPA1_NPIPB5,NPIPA1,NPIPB5,1,TRUE,FALSE,0.360133082,
NPIPA1_NPIPB6,NPIPA1,NPIPB6,1,TRUE,FALSE,0.140491083,
NPIPA1_NPIPB8,NPIPA1,NPIPB8,1,TRUE,FALSE,0.137017578,
NPIPA1_NPIPB9,NPIPA1,NPIPB9,1,TRUE,FALSE,0.13876608,
NPIPA2_NPIPA3,NPIPA2,NPIPA3,1,TRUE,FALSE,0.120811231,
NPIPA2_NPIPA5,NPIPA2,NPIPA5,1,TRUE,FALSE,0.078102604,
NPIPA2_NPIPA7,NPIPA2,NPIPA7,1,TRUE,FALSE,0.080284119,
NPIPA2_NPIPA8,NPIPA2,NPIPA8,1,TRUE,FALSE,0.096516334,
NPIPA2_NPIPB11,NPIPA2,NPIPB11,1,TRUE,FALSE,0.262237668,
NPIPA2_NPIPB12,NPIPA2,NPIPB12,1,TRUE,FALSE,0.183952287,
NPIPA2_NPIPB13,NPIPA2,NPIPB13,1,TRUE,FALSE,0.2537615,
NPIPA2_NPIPB15,NPIPA2,NPIPB15,1,TRUE,FALSE,0.094206348,
NPIPA2_NPIPB2,NPIPA2,NPIPB2,1,TRUE,FALSE,0.093833432,
NPIPA2_NPIPB3,NPIPA2,NPIPB3,1,TRUE,FALSE,0.127280787,
NPIPA2_NPIPB4,NPIPA2,NPIPB4,1,TRUE,FALSE,0.284822971,
NPIPA2_NPIPB5,NPIPA2,NPIPB5,1,TRUE,FALSE,0.259078056,
NPIPA2_NPIPB6,NPIPA2,NPIPB6,1,TRUE,FALSE,0.117336668,
NPIPA2_NPIPB8,NPIPA2,NPIPB8,1,TRUE,FALSE,0.123869069,
NPIPA2_NPIPB9,NPIPA2,NPIPB9,1,TRUE,FALSE,0.121458896,
NPIPA3_NPIPA5,NPIPA3,NPIPA5,1,TRUE,FALSE,0.064928569,
NPIPA3_NPIPA7,NPIPA3,NPIPA7,1,TRUE,FALSE,0.063465238,
NPIPA3_NPIPA8,NPIPA3,NPIPA8,1,TRUE,FALSE,0.089549817,
NPIPA3_NPIPB11,NPIPA3,NPIPB11,1,TRUE,FALSE,0.271558017,
NPIPA3_NPIPB12,NPIPA3,NPIPB12,1,TRUE,FALSE,0.181703612,
NPIPA3_NPIPB13,NPIPA3,NPIPB13,1,TRUE,FALSE,0.260547459,
NPIPA3_NPIPB15,NPIPA3,NPIPB15,1,TRUE,FALSE,0.090850465,
NPIPA3_NPIPB2,NPIPA3,NPIPB2,1,TRUE,FALSE,0.093493424,
NPIPA3_NPIPB3,NPIPA3,NPIPB3,1,TRUE,FALSE,0.126915827,
NPIPA3_NPIPB4,NPIPA3,NPIPB4,1,TRUE,FALSE,0.285560697,
NPIPA3_NPIPB5,NPIPA3,NPIPB5,1,TRUE,FALSE,0.258607179,
NPIPA3_NPIPB6,NPIPA3,NPIPB6,1,TRUE,FALSE,0.118924513,
NPIPA3_NPIPB8,NPIPA3,NPIPB8,1,TRUE,FALSE,0.125524133,
NPIPA3_NPIPB9,NPIPA3,NPIPB9,1,TRUE,FALSE,0.122377552,
NPIPA5_NPIPA7,NPIPA5,NPIPA7,1,TRUE,FALSE,0.037391994,
NPIPA5_NPIPA8,NPIPA5,NPIPA8,1,TRUE,FALSE,0.047205642,
NPIPA5_NPIPB11,NPIPA5,NPIPB11,1,TRUE,FALSE,0.085940167,
NPIPA5_NPIPB12,NPIPA5,NPIPB12,1,TRUE,FALSE,0.0504357,
NPIPA5_NPIPB13,NPIPA5,NPIPB13,1,TRUE,FALSE,0.078001894,
NPIPA5_NPIPB15,NPIPA5,NPIPB15,1,TRUE,FALSE,0.028184729,
NPIPA5_NPIPB2,NPIPA5,NPIPB2,1,TRUE,FALSE,0.03593345,
NPIPA5_NPIPB3,NPIPA5,NPIPB3,1,TRUE,FALSE,0.078903571,
NPIPA5_NPIPB4,NPIPA5,NPIPB4,1,TRUE,FALSE,0.077419885,
NPIPA5_NPIPB5,NPIPA5,NPIPB5,1,TRUE,FALSE,0.086769864,
NPIPA5_NPIPB6,NPIPA5,NPIPB6,1,TRUE,FALSE,0.070042014,
NPIPA5_NPIPB8,NPIPA5,NPIPB8,1,TRUE,FALSE,0.050283544,
NPIPA5_NPIPB9,NPIPA5,NPIPB9,1,TRUE,FALSE,0.08550027,
NPIPA7_NPIPA8,NPIPA7,NPIPA8,1,TRUE,FALSE,0.051404111,
NPIPA7_NPIPB11,NPIPA7,NPIPB11,1,TRUE,FALSE,0.026086781,
NPIPA7_NPIPB12,NPIPA7,NPIPB12,1,TRUE,FALSE,0.013397416,
NPIPA7_NPIPB13,NPIPA7,NPIPB13,1,TRUE,FALSE,0.021452043,
NPIPA7_NPIPB15,NPIPA7,NPIPB15,1,TRUE,FALSE,0.009161392,
NPIPA7_NPIPB2,NPIPA7,NPIPB2,1,TRUE,FALSE,0.01307806,
NPIPA7_NPIPB3,NPIPA7,NPIPB3,1,TRUE,FALSE,0.071825862,
NPIPA7_NPIPB4,NPIPA7,NPIPB4,1,TRUE,FALSE,0.021455834,
NPIPA7_NPIPB5,NPIPA7,NPIPB5,1,TRUE,FALSE,0.050609864,
NPIPA7_NPIPB6,NPIPA7,NPIPB6,1,TRUE,FALSE,0.068155028,
NPIPA7_NPIPB8,NPIPA7,NPIPB8,1,TRUE,FALSE,0.016243255,
NPIPA7_NPIPB9,NPIPA7,NPIPB9,1,TRUE,FALSE,0.08666686,
NPIPA8_NPIPB11,NPIPA8,NPIPB11,1,TRUE,FALSE,0.255705774,
NPIPA8_NPIPB12,NPIPA8,NPIPB12,1,TRUE,FALSE,0.148996904,
NPIPA8_NPIPB13,NPIPA8,NPIPB13,1,TRUE,FALSE,0.24634257,
NPIPA8_NPIPB15,NPIPA8,NPIPB15,1,TRUE,FALSE,0.074532643,
NPIPA8_NPIPB2,NPIPA8,NPIPB2,1,TRUE,FALSE,0.078374013,
NPIPA8_NPIPB3,NPIPA8,NPIPB3,1,TRUE,FALSE,0.12473885,
NPIPA8_NPIPB4,NPIPA8,NPIPB4,1,TRUE,FALSE,0.265408218,
NPIPA8_NPIPB5,NPIPA8,NPIPB5,1,TRUE,FALSE,0.236456871,
NPIPA8_NPIPB6,NPIPA8,NPIPB6,1,TRUE,FALSE,0.113032073,
NPIPA8_NPIPB8,NPIPA8,NPIPB8,1,TRUE,FALSE,0.106193207,
NPIPA8_NPIPB9,NPIPA8,NPIPB9,1,TRUE,FALSE,0.120928116,
NPIPB2_NPIPB3,NPIPB2,NPIPB3,1,TRUE,FALSE,0.123579599,
NPIPB2_NPIPB5,NPIPB2,NPIPB5,1,TRUE,FALSE,0.13120079,
NPIPB2_NPIPB6,NPIPB2,NPIPB6,1,TRUE,FALSE,0.111470096,
NPIPB2_NPIPB9,NPIPB2,NPIPB9,1,TRUE,FALSE,0.129982829,
NPIPB3_NPIPB11,NPIPB3,NPIPB11,1,TRUE,FALSE,0.255708754,
NPIPB3_NPIPB12,NPIPB3,NPIPB12,1,TRUE,FALSE,0.254921317,
NPIPB3_NPIPB13,NPIPB3,NPIPB13,1,TRUE,FALSE,0.23656413,
NPIPB3_NPIPB15,NPIPB3,NPIPB15,1,TRUE,FALSE,0.128534049,
NPIPB3_NPIPB4,NPIPB3,NPIPB4,1,TRUE,FALSE,0.271321177,
NPIPB3_NPIPB5,NPIPB3,NPIPB5,1,TRUE,FALSE,0.276969403,
NPIPB3_NPIPB6,NPIPB3,NPIPB6,1,TRUE,FALSE,0.137419626,
NPIPB3_NPIPB8,NPIPB3,NPIPB8,1,TRUE,FALSE,0.156119302,
NPIPB3_NPIPB9,NPIPB3,NPIPB9,1,TRUE,FALSE,0.148033679,
NPIPB4_NPIPB5,NPIPB4,NPIPB5,1,TRUE,FALSE,0.103448115,
NPIPB4_NPIPB6,NPIPB4,NPIPB6,1,TRUE,FALSE,0.255833626,
NPIPB4_NPIPB9,NPIPB4,NPIPB9,1,TRUE,FALSE,0.267205298,
NPIPB5_NPIPB11,NPIPB5,NPIPB11,1,TRUE,FALSE,0.067027636,
NPIPB5_NPIPB12,NPIPB5,NPIPB12,1,TRUE,FALSE,0.101117738,
NPIPB5_NPIPB13,NPIPB5,NPIPB13,1,TRUE,FALSE,0.066105187,
NPIPB5_NPIPB15,NPIPB5,NPIPB15,1,TRUE,FALSE,0.113887154,
NPIPB5_NPIPB6,NPIPB5,NPIPB6,1,TRUE,FALSE,0.224618062,
NPIPB5_NPIPB8,NPIPB5,NPIPB8,1,TRUE,FALSE,0.159882769,
NPIPB5_NPIPB9,NPIPB5,NPIPB9,1,TRUE,FALSE,0.235762551,
NPIPB6_NPIPB11,NPIPB6,NPIPB11,1,TRUE,FALSE,0.251576036,
NPIPB6_NPIPB12,NPIPB6,NPIPB12,1,TRUE,FALSE,0.219071254,
NPIPB6_NPIPB13,NPIPB6,NPIPB13,1,TRUE,FALSE,0.241536155,
NPIPB6_NPIPB15,NPIPB6,NPIPB15,1,TRUE,FALSE,0.121631116,
NPIPB6_NPIPB8,NPIPB6,NPIPB8,1,TRUE,FALSE,0.18201603,
NPIPB6_NPIPB9,NPIPB6,NPIPB9,1,TRUE,FALSE,0.182720333,
NPIPB8_NPIPB9,NPIPB8,NPIPB9,1,TRUE,FALSE,0.163034961,
NPIPB9_NPIPB11,NPIPB9,NPIPB11,1,TRUE,FALSE,0.26546213,
NPIPB9_NPIPB12,NPIPB9,NPIPB12,1,TRUE,FALSE,0.221874014,
NPIPB9_NPIPB13,NPIPB9,NPIPB13,1,TRUE,FALSE,0.251562208,
NPIPB9_NPIPB15,NPIPB9,NPIPB15,1,TRUE,FALSE,0.115888052,
NPY4R_NPY4R2,NPY4R,NPY4R2,2,TRUE,TRUE,0.171340778,0.074175701
NUDT4_NUDT4B,NUDT4,NUDT4B,2,TRUE,TRUE,0.11495471,0.12106395
NUTM2A_NUTM2B,NUTM2A,NUTM2B,1,TRUE,FALSE,0.099578887,
NUTM2A_NUTM2D,NUTM2A,NUTM2D,1,TRUE,FALSE,0.050715357,
NUTM2A_NUTM2E,NUTM2A,NUTM2E,1,TRUE,FALSE,0.136078253,
NUTM2A_NUTM2F,NUTM2A,NUTM2F,1,TRUE,FALSE,0.039240651,
NUTM2B_NUTM2D,NUTM2B,NUTM2D,1,TRUE,FALSE,0.089788377,
NUTM2B_NUTM2E,NUTM2B,NUTM2E,1,TRUE,FALSE,0.177514821,
NUTM2B_NUTM2F,NUTM2B,NUTM2F,1,TRUE,FALSE,0.072630689,
NUTM2D_NUTM2F,NUTM2D,NUTM2F,1,TRUE,FALSE,0.042970203,
NUTM2E_NUTM2F,NUTM2E,NUTM2F,1,TRUE,FALSE,0.088469051,
NXF2B_NXF5,NXF2B,NXF5,2,TRUE,TRUE,0.00406985,0.015913837
NXF2_NXF2B,NXF2,NXF2B,1,TRUE,FALSE,0.108377337,
NXF2_NXF5,NXF2,NXF5,2,TRUE,TRUE,0.011614986,0.016664071
OPN1MW2_OPN1MW3,OPN1MW2,OPN1MW3,1,TRUE,FALSE,0.094634116,
OPN1MW_OPN1MW2,OPN1MW,OPN1MW2,1,TRUE,FALSE,0.101912551,
OPN1MW_OPN1MW3,OPN1MW,OPN1MW3,1,TRUE,FALSE,0.100128159,
OR10A2_OR10A3,OR10A2,OR10A3,2,TRUE,TRUE,0.045256402,0.102662377
OR10A2_OR10A4,OR10A2,OR10A4,2,TRUE,TRUE,0.051226363,0.064544536
OR10A2_OR10A5,OR10A2,OR10A5,2,TRUE,TRUE,0.083625816,0.111589141
OR10A2_OR10A6,OR10A2,OR10A6,2,TRUE,TRUE,0.047865722,0.083508514
OR10A2_OR10A7,OR10A2,OR10A7,2,TRUE,TRUE,0.042214006,0.06830328
OR10A2_OR10AG1,OR10A2,OR10AG1,2,TRUE,TRUE,0.044423442,0.062573828
OR10A2_OR10C1,OR10A2,OR10C1,2,TRUE,TRUE,0.049629357,0.069989927
OR10A2_OR10P1,OR10A2,OR10P1,2,TRUE,TRUE,0.041769575,0.062932678
OR10A3_OR10A4,OR10A3,OR10A4,2,TRUE,TRUE,0.046716392,0.058132708
OR10A3_OR10A5,OR10A3,OR10A5,2,TRUE,TRUE,0.045348309,0.126171246
OR10A3_OR10A6,OR10A3,OR10A6,2,TRUE,TRUE,0.072604679,0.099546023
OR10A3_OR10A7,OR10A3,OR10A7,2,TRUE,TRUE,0.046657119,0.069203205
OR10A3_OR10AG1,OR10A3,OR10AG1,2,TRUE,TRUE,0.043973189,0.060719796
OR10A3_OR10C1,OR10A3,OR10C1,2,TRUE,TRUE,0.063185945,0.079646863
OR10A3_OR10P1,OR10A3,OR10P1,2,TRUE,TRUE,0.045111984,0.057009712
OR10A4_OR10A5,OR10A4,OR10A5,2,TRUE,TRUE,0.049971521,0.05803185
OR10A4_OR10A6,OR10A4,OR10A6,2,TRUE,TRUE,0.050821714,0.064456642
OR10A4_OR10A7,OR10A4,OR10A7,2,TRUE,TRUE,0.046709571,0.049908899
OR10A4_OR10AG1,OR10A4,OR10AG1,2,TRUE,TRUE,0.043443345,0.039751906
OR10A4_OR10C1,OR10A4,OR10C1,2,TRUE,TRUE,0.070322871,0.053298213
OR10A4_OR10P1,OR10A4,OR10P1,2,TRUE,TRUE,0.043647196,0.049906731
OR10A5_OR10A6,OR10A5,OR10A6,2,TRUE,TRUE,0.046997372,0.101599753
OR10A5_OR10A7,OR10A5,OR10A7,2,TRUE,TRUE,0.042907592,0.052469485
OR10A5_OR10AG1,OR10A5,OR10AG1,2,TRUE,TRUE,0.04346326,0.057842776
OR10A5_OR10C1,OR10A5,OR10C1,2,TRUE,TRUE,0.046350695,0.073618673
OR10A5_OR10P1,OR10A5,OR10P1,2,TRUE,TRUE,0.041092001,0.048600495
OR10A6_OR10A7,OR10A6,OR10A7,2,TRUE,TRUE,0.045440372,0.07704106
OR10A6_OR10AG1,OR10A6,OR10AG1,2,TRUE,TRUE,0.042690109,0.063695371
OR10A6_OR10C1,OR10A6,OR10C1,2,TRUE,TRUE,0.04974325,0.086942546
OR10A6_OR10P1,OR10A6,OR10P1,2,TRUE,TRUE,0.045301814,0.063644066
OR10A7_OR10AG1,OR10A7,OR10AG1,2,TRUE,TRUE,0.045631662,0.041865125
OR10A7_OR10C1,OR10A7,OR10C1,2,TRUE,TRUE,0.053399622,0.065791145
OR10A7_OR10P1,OR10A7,OR10P1,2,TRUE,TRUE,0.046012305,0.050727621
OR10AG1_OR10C1,OR10AG1,OR10C1,2,TRUE,TRUE,0.049382515,0.052240513
OR10AG1_OR10P1,OR10AG1,OR10P1,2,TRUE,TRUE,0.043608017,0.038142398
OR10C1_OR10P1,OR10C1,OR10P1,2,TRUE,TRUE,0.05325412,0.052554771
OR10D3_OR10G2,OR10D3,OR10G2,2,TRUE,TRUE,0.046309274,0.060280342
OR10D3_OR10G3,OR10D3,OR10G3,2,TRUE,TRUE,0.050550904,0.072261222
OR10D3_OR10G4,OR10D3,OR10G4,2,TRUE,TRUE,0.065138668,0.06111633
OR10D3_OR10G6,OR10D3,OR10G6,1,FALSE,TRUE,,0.058050185
OR10D3_OR10G7,OR10D3,OR10G7,2,TRUE,TRUE,0.062449854,0.062702656
OR10D3_OR10G8,OR10D3,OR10G8,2,TRUE,TRUE,0.062528349,0.060944755
OR10D3_OR10G9,OR10D3,OR10G9,2,TRUE,TRUE,0.065398462,0.062702656
OR10D3_OR10S1,OR10D3,OR10S1,2,TRUE,TRUE,0.057331692,0.04538234
OR10G2_OR10G3,OR10G2,OR10G3,2,TRUE,TRUE,0.056580633,0.043232702
OR10G2_OR10G4,OR10G2,OR10G4,2,TRUE,TRUE,0.044258766,0.048399102
OR10G2_OR10G6,OR10G2,OR10G6,2,TRUE,TRUE,0.049509849,0.059858125
OR10G2_OR10G7,OR10G2,OR10G7,2,TRUE,TRUE,0.044497985,0.062974885
OR10G2_OR10G8,OR10G2,OR10G8,2,TRUE,TRUE,0.045027904,0.054458447
OR10G2_OR10G9,OR10G2,OR10G9,2,TRUE,TRUE,0.04783779,0.061466951
OR10G2_OR10S1,OR10G2,OR10S1,2,TRUE,TRUE,0.043932542,0.046624057
OR10G3_OR10G4,OR10G3,OR10G4,2,TRUE,TRUE,0.046633989,0.05915932
OR10G3_OR10G6,OR10G3,OR10G6,2,TRUE,TRUE,0.050107282,0.046890847
OR10G3_OR10G7,OR10G3,OR10G7,2,TRUE,TRUE,0.045072105,0.062732294
OR10G3_OR10G8,OR10G3,OR10G8,2,TRUE,TRUE,0.044668473,0.054231673
OR10G3_OR10G9,OR10G3,OR10G9,2,TRUE,TRUE,0.049047496,0.063369386
OR10G3_OR10S1,OR10G3,OR10S1,2,TRUE,TRUE,0.04265777,0.046073612
OR10G4_OR10G6,OR10G4,OR10G6,1,TRUE,FALSE,0.063114747,
OR10G4_OR10G7,OR10G4,OR10G7,1,TRUE,FALSE,0.093160011,
OR10G4_OR10G8,OR10G4,OR10G8,2,TRUE,TRUE,0.089447334,0.072073281
OR10G4_OR10G9,OR10G4,OR10G9,1,TRUE,FALSE,0.116214849,
OR10G4_OR10S1,OR10G4,OR10S1,2,TRUE,TRUE,0.064588293,0.049744479
OR10G6_OR10G7,OR10G6,OR10G7,1,TRUE,FALSE,0.058284841,
OR10G6_OR10G8,OR10G6,OR10G8,2,TRUE,TRUE,0.060273752,0.063259572
OR10G6_OR10G9,OR10G6,OR10G9,1,TRUE,FALSE,0.067146212,
OR10G6_OR10S1,OR10G6,OR10S1,2,TRUE,TRUE,0.06581147,0.050483398
OR10G7_OR10G8,OR10G7,OR10G8,2,TRUE,TRUE,0.087389961,0.090055548
OR10G7_OR10G9,OR10G7,OR10G9,1,TRUE,FALSE,0.09093295,
OR10G7_OR10S1,OR10G7,OR10S1,2,TRUE,TRUE,0.058280766,0.045309141
OR10G8_OR10G9,OR10G8,OR10G9,2,TRUE,TRUE,0.091763675,0.084193118
OR10G8_OR10S1,OR10G8,OR10S1,2,TRUE,TRUE,0.060273752,0.058906265
OR10G9_OR10S1,OR10G9,OR10S1,2,TRUE,TRUE,0.061761849,0.04632666
OR10H1_OR10H2,OR10H1,OR10H2,2,TRUE,TRUE,0.120331131,0.064506806
OR10H1_OR10H3,OR10H1,OR10H3,2,TRUE,TRUE,0.095916227,0.048610494
OR10H1_OR10H4,OR10H1,OR10H4,2,TRUE,TRUE,0.11589241,0.056046899
OR10H1_OR10H5,OR10H1,OR10H5,2,TRUE,TRUE,0.182346448,0.093220033
OR10H1_OR10J1,OR10H1,OR10J1,2,TRUE,TRUE,0.038597215,0.012454548
OR10H1_OR10J5,OR10H1,OR10J5,2,TRUE,TRUE,0.071648397,0.048778161
OR10H1_OR10K1,OR10H1,OR10K1,2,TRUE,TRUE,0.064200923,0.060988482
OR10H1_OR10K2,OR10H1,OR10K2,2,TRUE,TRUE,0.063897185,0.048523016
OR10H1_OR10R2,OR10H1,OR10R2,2,TRUE,TRUE,0.061810248,0.046536405
OR10H1_OR10T2,OR10H1,OR10T2,2,TRUE,TRUE,0.067535773,0.086820461
OR10H1_OR10X1,OR10H1,OR10X1,2,TRUE,TRUE,0.087382957,0.10608016
OR10H1_OR10Z1,OR10H1,OR10Z1,2,TRUE,TRUE,0.063087665,0.062215123
OR10H2_OR10H3,OR10H2,OR10H3,2,TRUE,TRUE,0.068421111,0.047415305
OR10H2_OR10H4,OR10H2,OR10H4,2,TRUE,TRUE,0.073359586,0.056046899
OR10H2_OR10H5,OR10H2,OR10H5,2,TRUE,TRUE,0.145948097,0.069246612
OR10H2_OR10J1,OR10H2,OR10J1,2,TRUE,TRUE,0.00130486,0.008246945
OR10H2_OR10J5,OR10H2,OR10J5,2,TRUE,TRUE,0.043800682,0.048778161
OR10H2_OR10K1,OR10H2,OR10K1,2,TRUE,TRUE,0.046205766,0.058598205
OR10H2_OR10K2,OR10H2,OR10K2,2,TRUE,TRUE,0.044228662,0.053715348
OR10H2_OR10R2,OR10H2,OR10R2,2,TRUE,TRUE,0.045697015,0.046258625
OR10H2_OR10T2,OR10H2,OR10T2,2,TRUE,TRUE,0.04580044,0.054272555
OR10H2_OR10X1,OR10H2,OR10X1,2,TRUE,TRUE,0.050768856,0.06082036
OR10H2_OR10Z1,OR10H2,OR10Z1,2,TRUE,TRUE,0.044240054,0.05924676
OR10H3_OR10H4,OR10H3,OR10H4,2,TRUE,TRUE,0.085753992,0.046848483
OR10H3_OR10H5,OR10H3,OR10H5,2,TRUE,TRUE,0.149458498,0.053038131
OR10H3_OR10J1,OR10H3,OR10J1,2,TRUE,TRUE,9.85E-05,0.007551668
OR10H3_OR10J5,OR10H3,OR10J5,2,TRUE,TRUE,0.042307612,0.042713657
OR10H3_OR10K1,OR10H3,OR10K1,2,TRUE,TRUE,0.045952909,0.051127739
OR10H3_OR10K2,OR10H3,OR10K2,2,TRUE,TRUE,0.043026783,0.043073278
OR10H3_OR10R2,OR10H3,OR10R2,2,TRUE,TRUE,0.044760596,0.039724648
OR10H3_OR10T2,OR10H3,OR10T2,2,TRUE,TRUE,0.045180481,0.058542505
OR10H3_OR10X1,OR10H3,OR10X1,2,TRUE,TRUE,0.057594739,0.06799873
OR10H3_OR10Z1,OR10H3,OR10Z1,2,TRUE,TRUE,0.044253632,0.053247645
OR10H4_OR10H5,OR10H4,OR10H5,2,TRUE,TRUE,0.14159289,0.060700487
OR10H4_OR10J1,OR10H4,OR10J1,2,TRUE,TRUE,0.001312217,0.009355527
OR10H4_OR10J5,OR10H4,OR10J5,2,TRUE,TRUE,0.043599784,0.043763377
OR10H4_OR10K1,OR10H4,OR10K1,2,TRUE,TRUE,0.045929387,0.053281493
OR10H4_OR10K2,OR10H4,OR10K2,2,TRUE,TRUE,0.045872178,0.051606722
OR10H4_OR10R2,OR10H4,OR10R2,2,TRUE,TRUE,0.045974791,0.046201237
OR10H4_OR10T2,OR10H4,OR10T2,2,TRUE,TRUE,0.050897531,0.052440934
OR10H4_OR10X1,OR10H4,OR10X1,2,TRUE,TRUE,0.054233726,0.060087815
OR10H4_OR10Z1,OR10H4,OR10Z1,2,TRUE,TRUE,0.046244629,0.055382118
OR10H5_OR10J1,OR10H5,OR10J1,2,TRUE,TRUE,0.045239117,0.025644969
OR10H5_OR10J5,OR10H5,OR10J5,2,TRUE,TRUE,0.064281292,0.057953745
OR10H5_OR10K1,OR10H5,OR10K1,2,TRUE,TRUE,0.079129077,0.071697928
OR10H5_OR10K2,OR10H5,OR10K2,2,TRUE,TRUE,0.078831457,0.060921155
OR10H5_OR10R2,OR10H5,OR10R2,2,TRUE,TRUE,0.070221193,0.052691299
OR10H5_OR10T2,OR10H5,OR10T2,2,TRUE,TRUE,0.072161913,0.093111865
OR10H5_OR10X1,OR10H5,OR10X1,2,TRUE,TRUE,0.0807136,0.105514884
OR10H5_OR10Z1,OR10H5,OR10Z1,2,TRUE,TRUE,0.071295507,0.071445487
OR10J1_OR10J5,OR10J1,OR10J5,2,TRUE,TRUE,0.00383504,0.00462775
OR10J1_OR10K1,OR10J1,OR10K1,2,TRUE,TRUE,0.000464659,0.00863367
OR10J1_OR10K2,OR10J1,OR10K2,2,TRUE,TRUE,0.000875169,0.007202253
OR10J1_OR10R2,OR10J1,OR10R2,2,TRUE,TRUE,0.001336979,0.001931284
OR10J1_OR10T2,OR10J1,OR10T2,2,TRUE,TRUE,5.35E-05,0.024466977
OR10J1_OR10X1,OR10J1,OR10X1,2,TRUE,TRUE,0.005945632,0.043325476
OR10J1_OR10Z1,OR10J1,OR10Z1,2,TRUE,TRUE,0.000463796,0.008138446
OR10J5_OR10K1,OR10J5,OR10K1,2,TRUE,TRUE,0.044536982,0.053080522
OR10J5_OR10K2,OR10J5,OR10K2,2,TRUE,TRUE,0.043671038,0.051513109
OR10J5_OR10R2,OR10J5,OR10R2,2,TRUE,TRUE,0.042852506,0.045033809
OR10J5_OR10T2,OR10J5,OR10T2,2,TRUE,TRUE,0.043116525,0.061364282
OR10J5_OR10X1,OR10J5,OR10X1,2,TRUE,TRUE,0.052861527,0.072478466
OR10J5_OR10Z1,OR10J5,OR10Z1,2,TRUE,TRUE,0.043669909,0.052119374
OR10K1_OR10K2,OR10K1,OR10K2,2,TRUE,TRUE,0.053188536,0.061259843
OR10K1_OR10R2,OR10K1,OR10R2,2,TRUE,TRUE,0.044033393,0.049566962
OR10K1_OR10T2,OR10K1,OR10T2,2,TRUE,TRUE,0.043827806,0.077152692
OR10K1_OR10X1,OR10K1,OR10X1,2,TRUE,TRUE,0.044745546,0.084504768
OR10K1_OR10Z1,OR10K1,OR10Z1,2,TRUE,TRUE,0.047672182,0.07190308
OR10K2_OR10R2,OR10K2,OR10R2,2,TRUE,TRUE,0.041584119,0.046785261
OR10K2_OR10T2,OR10K2,OR10T2,2,TRUE,TRUE,0.041850753,0.063242942
OR10K2_OR10X1,OR10K2,OR10X1,2,TRUE,TRUE,0.042808563,0.071118243
OR10K2_OR10Z1,OR10K2,OR10Z1,2,TRUE,TRUE,0.041989643,0.055463351
OR10Q1_OR10V1,OR10Q1,OR10V1,2,TRUE,TRUE,0.064206019,0.051081084
OR10Q1_OR10W1,OR10Q1,OR10W1,2,TRUE,TRUE,0.061542787,0.04870661
OR10R2_OR10T2,OR10R2,OR10T2,2,TRUE,TRUE,0.045700096,0.060926277
OR10R2_OR10X1,OR10R2,OR10X1,2,TRUE,TRUE,0.045459833,0.072809741
OR10R2_OR10Z1,OR10R2,OR10Z1,2,TRUE,TRUE,0.041916322,0.04751578
OR10T2_OR10X1,OR10T2,OR10X1,2,TRUE,TRUE,0.050832428,0.146805614
OR10T2_OR10Z1,OR10T2,OR10Z1,2,TRUE,TRUE,0.041862093,0.075941846
OR10V1_OR10W1,OR10V1,OR10W1,2,TRUE,TRUE,0.063511938,0.048965391
OR10X1_OR10Z1,OR10X1,OR10Z1,2,TRUE,TRUE,0.042808563,0.083176568
OR11G2_OR11H1,OR11G2,OR11H1,1,TRUE,FALSE,0.046755675,
OR11G2_OR11H12,OR11G2,OR11H12,1,TRUE,FALSE,0.048389245,
OR11G2_OR11H2,OR11G2,OR11H2,1,TRUE,FALSE,0.048389245,
OR11G2_OR11H4,OR11G2,OR11H4,2,TRUE,TRUE,0.04659503,0.048361327
OR11G2_OR11H6,OR11G2,OR11H6,2,TRUE,TRUE,0.046690352,0.047983196
OR11H1_OR11H12,OR11H1,OR11H12,1,TRUE,FALSE,0.096356146,
OR11H1_OR11H2,OR11H1,OR11H2,1,TRUE,FALSE,0.09550716,
OR11H1_OR11H4,OR11H1,OR11H4,2,TRUE,TRUE,0.048938848,0.051932167
OR11H1_OR11H6,OR11H1,OR11H6,2,TRUE,TRUE,0.04822534,0.05431015
OR11H2_OR11H12,OR11H2,OR11H12,1,TRUE,FALSE,0.092678122,
OR11H2_OR11H4,OR11H2,OR11H4,2,TRUE,TRUE,0.049345568,0.051723834
OR11H2_OR11H6,OR11H2,OR11H6,2,TRUE,TRUE,0.048968289,0.052628856
OR11H4_OR11H12,OR11H4,OR11H12,2,TRUE,TRUE,0.049345568,0.05173517
OR11H4_OR11H6,OR11H4,OR11H6,2,TRUE,TRUE,0.052460819,0.051494036
OR11H6_OR11H12,OR11H6,OR11H12,2,TRUE,TRUE,0.049029876,0.052757062
OR12D2_OR12D3,OR12D2,OR12D3,2,TRUE,TRUE,0.070059791,0.078890786
OR13A1_OR13G1,OR13A1,OR13G1,2,TRUE,TRUE,0.023965308,0.024766663
OR13C2_OR13C3,OR13C2,OR13C3,2,TRUE,TRUE,0.040093992,0.049032968
OR13C2_OR13C4,OR13C2,OR13C4,2,TRUE,TRUE,0.047323685,0.052534945
OR13C2_OR13C5,OR13C2,OR13C5,2,TRUE,TRUE,0.080754198,0.136036456
OR13C2_OR13C8,OR13C2,OR13C8,2,TRUE,TRUE,0.043973472,0.047345012
OR13C2_OR13C9,OR13C2,OR13C9,1,TRUE,FALSE,0.102086902,
OR13C2_OR13D1,OR13C2,OR13D1,2,TRUE,TRUE,0.041860074,0.104258701
OR13C2_OR13F1,OR13C2,OR13F1,2,TRUE,TRUE,0.043204684,0.072962269
OR13C2_OR13J1,OR13C2,OR13J1,2,TRUE,TRUE,0.000347707,0.062910795
OR13C3_OR13C4,OR13C3,OR13C4,2,TRUE,TRUE,0.050278317,0.050893139
OR13C3_OR13C5,OR13C3,OR13C5,2,TRUE,TRUE,0.040504437,0.051824164
OR13C3_OR13C8,OR13C3,OR13C8,2,TRUE,TRUE,0.042058326,0.0431928
OR13C3_OR13C9,OR13C3,OR13C9,2,TRUE,TRUE,0.040649544,0.049781267
OR13C3_OR13D1,OR13C3,OR13D1,2,TRUE,TRUE,0.043193348,0.06249712
OR13C3_OR13F1,OR13C3,OR13F1,2,TRUE,TRUE,0.04062764,0.050629981
OR13C3_OR13J1,OR13C3,OR13J1,2,TRUE,TRUE,4.32E-05,0.066473581
OR13C4_OR13C5,OR13C4,OR13C5,2,TRUE,TRUE,0.047740351,0.050935097
OR13C4_OR13C8,OR13C4,OR13C8,2,TRUE,TRUE,0.043973472,0.047345012
OR13C4_OR13C9,OR13C4,OR13C9,2,TRUE,TRUE,0.047521334,0.053208783
OR13C4_OR13D1,OR13C4,OR13D1,2,TRUE,TRUE,0.041855942,0.053659022
OR13C4_OR13F1,OR13C4,OR13F1,2,TRUE,TRUE,0.043204684,0.049553681
OR13C4_OR13J1,OR13C4,OR13J1,2,TRUE,TRUE,0.000326079,0.042895611
OR13C5_OR13C8,OR13C5,OR13C8,2,TRUE,TRUE,0.043967251,0.042927317
OR13C5_OR13C9,OR13C5,OR13C9,2,TRUE,TRUE,0.070134237,0.139292762
OR13C5_OR13D1,OR13C5,OR13D1,2,TRUE,TRUE,0.041855942,0.102868602
OR13C5_OR13F1,OR13C5,OR13F1,2,TRUE,TRUE,0.044431537,0.059609927
OR13C5_OR13J1,OR13C5,OR13J1,2,TRUE,TRUE,0.000347707,0.111029163
OR13C8_OR13C9,OR13C8,OR13C9,2,TRUE,TRUE,0.044587787,0.047671627
OR13C8_OR13D1,OR13C8,OR13D1,2,TRUE,TRUE,0.043100305,0.042163946
OR13C8_OR13F1,OR13C8,OR13F1,2,TRUE,TRUE,0.044449046,0.049509913
OR13C8_OR13J1,OR13C8,OR13J1,2,TRUE,TRUE,0.00101318,0.0444493
OR13C9_OR13D1,OR13C9,OR13D1,2,TRUE,TRUE,0.040630654,0.107513346
OR13C9_OR13F1,OR13C9,OR13F1,2,TRUE,TRUE,0.043322969,0.076209798
OR13C9_OR13J1,OR13C9,OR13J1,2,TRUE,TRUE,0.001374582,0.073332459
OR13D1_OR13F1,OR13D1,OR13F1,2,TRUE,TRUE,0.040629093,0.067403518
OR13D1_OR13J1,OR13D1,OR13J1,2,TRUE,TRUE,0.000600796,0.171188295
OR13F1_OR13J1,OR13F1,OR13J1,2,TRUE,TRUE,0.000881634,0.066638127
OR14A16_OR14C36,OR14A16,OR14C36,2,TRUE,TRUE,0.046206411,0.07843972
OR14A16_OR14J1,OR14A16,OR14J1,2,TRUE,TRUE,0.047174402,0.04973311
OR14A16_OR14K1,OR14A16,OR14K1,2,TRUE,TRUE,0.049644291,0.069773152
OR14A2_OR14A16,OR14A2,OR14A16,2,TRUE,TRUE,0.052615702,0.122047991
OR14A2_OR14C36,OR14A2,OR14C36,2,TRUE,TRUE,0.048528038,0.064814351
OR14A2_OR14J1,OR14A2,OR14J1,2,TRUE,TRUE,0.050041653,0.046447512
OR14A2_OR14K1,OR14A2,OR14K1,1,FALSE,TRUE,,0.083271123
OR14C36_OR14J1,OR14C36,OR14J1,2,TRUE,TRUE,0.043846101,0.041830394
OR14C36_OR14K1,OR14C36,OR14K1,2,TRUE,TRUE,0.047321111,0.064567499
OR14J1_OR14K1,OR14J1,OR14K1,2,TRUE,TRUE,0.050023329,0.049866814
OR1A1_OR1A2,OR1A1,OR1A2,2,TRUE,TRUE,0.085759938,0.080493391
OR1C1_OR1D2,OR1C1,OR1D2,2,TRUE,TRUE,0.002374146,0.025238752
OR1C1_OR1D5,OR1C1,OR1D5,2,TRUE,TRUE,0.001868741,0.014398777
OR1C1_OR1G1,OR1C1,OR1G1,2,TRUE,TRUE,0.00373145,0.01440295
OR1C1_OR1I1,OR1C1,OR1I1,2,TRUE,TRUE,0.02331865,0.012593567
OR1C1_OR1M1,OR1C1,OR1M1,2,TRUE,TRUE,0.028436709,0.010398388
OR1C1_OR1N1,OR1C1,OR1N1,2,TRUE,TRUE,0.003409796,0.104352571
OR1C1_OR1N2,OR1C1,OR1N2,2,TRUE,TRUE,0.000378951,0.051719189
OR1C1_OR1S1,OR1C1,OR1S1,2,TRUE,TRUE,0.006770585,0.017624639
OR1C1_OR1S2,OR1C1,OR1S2,2,TRUE,TRUE,0.00346453,0.014073245
OR1D2_OR1D5,OR1D2,OR1D5,2,TRUE,TRUE,0.072429463,0.110086538
OR1D2_OR1G1,OR1D2,OR1G1,2,TRUE,TRUE,0.054468971,0.064870603
OR1D2_OR1I1,OR1D2,OR1I1,2,TRUE,TRUE,0.065523103,0.073377125
OR1D2_OR1M1,OR1D2,OR1M1,2,TRUE,TRUE,0.077531755,0.060744803
OR1D2_OR1N1,OR1D2,OR1N1,2,TRUE,TRUE,0.04956238,0.132018283
OR1D2_OR1N2,OR1D2,OR1N2,2,TRUE,TRUE,0.043802034,0.131695971
OR1D2_OR1S1,OR1D2,OR1S1,2,TRUE,TRUE,0.055661302,0.080904
OR1D2_OR1S2,OR1D2,OR1S2,2,TRUE,TRUE,0.049183171,0.065639317
OR1D5_OR1G1,OR1D5,OR1G1,2,TRUE,TRUE,0.051152069,0.057940461
OR1D5_OR1I1,OR1D5,OR1I1,2,TRUE,TRUE,0.068260588,0.068493538
OR1D5_OR1M1,OR1D5,OR1M1,2,TRUE,TRUE,0.080426887,0.076868869
OR1D5_OR1N1,OR1D5,OR1N1,2,TRUE,TRUE,0.0498471,0.162443757
OR1D5_OR1N2,OR1D5,OR1N2,2,TRUE,TRUE,0.043061983,0.0995709
OR1D5_OR1S1,OR1D5,OR1S1,2,TRUE,TRUE,0.053617518,0.089717776
OR1D5_OR1S2,OR1D5,OR1S2,2,TRUE,TRUE,0.05143759,0.085189849
OR1E1_OR1E2,OR1E1,OR1E2,2,TRUE,TRUE,0.07875368,0.147992566
OR1E1_OR1J1,OR1E1,OR1J1,2,TRUE,TRUE,0.04268422,0.09507148
OR1E1_OR1J2,OR1E1,OR1J2,2,TRUE,TRUE,0.042070728,0.178958088
OR1E1_OR1J4,OR1E1,OR1J4,2,TRUE,TRUE,0.09328492,0.09386941
OR1E2_OR1J1,OR1E2,OR1J1,2,TRUE,TRUE,0.046068579,0.126734391
OR1E2_OR1J2,OR1E2,OR1J2,2,TRUE,TRUE,0.043265495,0.173096851
OR1E2_OR1J4,OR1E2,OR1J4,2,TRUE,TRUE,0.037675738,0.12101572
OR1G1_OR1I1,OR1G1,OR1I1,2,TRUE,TRUE,0.070317507,0.052432325
OR1G1_OR1M1,OR1G1,OR1M1,2,TRUE,TRUE,0.075587384,0.051990576
OR1G1_OR1N1,OR1G1,OR1N1,2,TRUE,TRUE,0.046959486,0.116944052
OR1G1_OR1N2,OR1G1,OR1N2,2,TRUE,TRUE,0.041557647,0.078128032
OR1G1_OR1S1,OR1G1,OR1S1,2,TRUE,TRUE,0.050944317,0.054471958
OR1G1_OR1S2,OR1G1,OR1S2,2,TRUE,TRUE,0.050764069,0.043503944
OR1I1_OR1M1,OR1I1,OR1M1,2,TRUE,TRUE,0.164042771,0.050044768
OR1I1_OR1N1,OR1I1,OR1N1,2,TRUE,TRUE,0.058374953,0.112696506
OR1I1_OR1N2,OR1I1,OR1N2,2,TRUE,TRUE,0.058808852,0.103648454
OR1I1_OR1S1,OR1I1,OR1S1,2,TRUE,TRUE,0.103997581,0.07334327
OR1I1_OR1S2,OR1I1,OR1S2,2,TRUE,TRUE,0.089374825,0.062495768
OR1J1_OR1J2,OR1J1,OR1J2,2,TRUE,TRUE,0.050831087,0.12988396
OR1J1_OR1J4,OR1J1,OR1J4,2,TRUE,TRUE,0.056809239,0.110935032
OR1J2_OR1J4,OR1J2,OR1J4,2,TRUE,TRUE,0.055855718,0.126199424
OR1K1_OR1L1,OR1K1,OR1L1,2,TRUE,TRUE,0.045601428,0.178522572
OR1K1_OR1L3,OR1K1,OR1L3,2,TRUE,TRUE,0.044471163,0.124310561
OR1K1_OR1L4,OR1K1,OR1L4,2,TRUE,TRUE,0.046562307,0.125474349
OR1K1_OR1L6,OR1K1,OR1L6,2,TRUE,TRUE,0.04382398,0.143847048
OR1K1_OR1L8,OR1K1,OR1L8,2,TRUE,TRUE,0.001216061,0.098392904
OR1K1_OR1Q1,OR1K1,OR1Q1,2,TRUE,TRUE,0.045587808,0.122148566
OR1L1_OR1L3,OR1L1,OR1L3,2,TRUE,TRUE,0.053288933,0.179231614
OR1L1_OR1L4,OR1L1,OR1L4,2,TRUE,TRUE,0.047985271,0.179658368
OR1L1_OR1L6,OR1L1,OR1L6,2,TRUE,TRUE,0.048426885,0.209658951
OR1L1_OR1L8,OR1L1,OR1L8,2,TRUE,TRUE,0.003154811,0.178731129
OR1L1_OR1Q1,OR1L1,OR1Q1,2,TRUE,TRUE,0.042622603,0.176671296
OR1L3_OR1L4,OR1L3,OR1L4,2,TRUE,TRUE,0.044363294,0.128588542
OR1L3_OR1L6,OR1L3,OR1L6,2,TRUE,TRUE,0.043351661,0.147134081
OR1L3_OR1L8,OR1L3,OR1L8,2,TRUE,TRUE,0.001436329,0.115173772
OR1L3_OR1Q1,OR1L3,OR1Q1,2,TRUE,TRUE,0.043673806,0.12310344
OR1L4_OR1L6,OR1L4,OR1L6,2,TRUE,TRUE,0.076608233,0.154834762
OR1L4_OR1L8,OR1L4,OR1L8,2,TRUE,TRUE,0.002103295,0.101213269
OR1L4_OR1Q1,OR1L4,OR1Q1,2,TRUE,TRUE,0.044317238,0.124112204
OR1L6_OR1L8,OR1L6,OR1L8,2,TRUE,TRUE,0.001676457,0.13110581
OR1L6_OR1Q1,OR1L6,OR1Q1,2,TRUE,TRUE,0.042199668,0.153795466
OR1L8_OR1Q1,OR1L8,OR1Q1,2,TRUE,TRUE,0.001329014,0.089453667
OR1M1_OR1N1,OR1M1,OR1N1,2,TRUE,TRUE,0.065839164,0.108190596
OR1M1_OR1N2,OR1M1,OR1N2,2,TRUE,TRUE,0.059881274,0.081425563
OR1M1_OR1S1,OR1M1,OR1S1,2,TRUE,TRUE,0.115113705,0.074837595
OR1M1_OR1S2,OR1M1,OR1S2,2,TRUE,TRUE,0.102561377,0.062240914
OR1N1_OR1N2,OR1N1,OR1N2,2,TRUE,TRUE,0.045037974,0.179847926
OR1N1_OR1S1,OR1N1,OR1S1,2,TRUE,TRUE,0.049178291,0.133749261
OR1N1_OR1S2,OR1N1,OR1S2,2,TRUE,TRUE,0.045504216,0.12673758
OR1N2_OR1S1,OR1N2,OR1S1,2,TRUE,TRUE,0.046296783,0.142200127
OR1N2_OR1S2,OR1N2,OR1S2,2,TRUE,TRUE,0.044177543,0.108726837
OR1S1_OR1S2,OR1S1,OR1S2,2,TRUE,TRUE,0.123256482,0.11895702
OR2A12_OR2A14,OR2A12,OR2A14,2,TRUE,TRUE,0.081419699,0.07544028
OR2A12_OR2A25,OR2A12,OR2A25,2,TRUE,TRUE,0.072062068,0.076573424
OR2A12_OR2A42,OR2A12,OR2A42,2,TRUE,TRUE,0.074717358,0.087819539
OR2A14_OR2A25,OR2A14,OR2A25,2,TRUE,TRUE,0.073515952,0.075652115
OR2A14_OR2A42,OR2A14,OR2A42,2,TRUE,TRUE,0.080041535,0.0650668
OR2A1_OR2A12,OR2A1,OR2A12,2,TRUE,TRUE,0.031528331,0.071815833
OR2A1_OR2A14,OR2A1,OR2A14,2,TRUE,TRUE,0.02681086,0.026612261
OR2A1_OR2A2,OR2A1,OR2A2,1,TRUE,FALSE,0.016807135,
OR2A1_OR2A25,OR2A1,OR2A25,2,TRUE,TRUE,0.02882199,0.026793631
OR2A1_OR2A4,OR2A1,OR2A4,1,TRUE,FALSE,0.169307426,
OR2A1_OR2A42,OR2A1,OR2A42,1,TRUE,FALSE,0.060278896,
OR2A1_OR2A5,OR2A1,OR2A5,2,TRUE,TRUE,0.020456195,0.016384333
OR2A1_OR2A7,OR2A1,OR2A7,1,TRUE,FALSE,0.025231468,
OR2A25_OR2A42,OR2A25,OR2A42,2,TRUE,TRUE,0.078013733,0.085094586
OR2A2_OR2A12,OR2A2,OR2A12,2,TRUE,TRUE,0.070826672,0.06548126
OR2A2_OR2A14,OR2A2,OR2A14,2,TRUE,TRUE,0.069350481,0.048325036
OR2A2_OR2A25,OR2A2,OR2A25,2,TRUE,TRUE,0.065148838,0.06801489
OR2A2_OR2A4,OR2A2,OR2A4,1,TRUE,FALSE,0.080104642,
OR2A2_OR2A42,OR2A2,OR2A42,1,TRUE,FALSE,0.061042812,
OR2A2_OR2A5,OR2A2,OR2A5,2,TRUE,TRUE,0.070671245,0.051251803
OR2A2_OR2A7,OR2A2,OR2A7,1,TRUE,FALSE,0.007725799,
OR2A4_OR2A12,OR2A4,OR2A12,2,TRUE,TRUE,0.093920402,0.081750527
OR2A4_OR2A14,OR2A4,OR2A14,2,TRUE,TRUE,0.109701097,0.074901447
OR2A4_OR2A25,OR2A4,OR2A25,2,TRUE,TRUE,0.094212085,0.0713562
OR2A4_OR2A42,OR2A4,OR2A42,1,TRUE,FALSE,0.095482148,
OR2A4_OR2A5,OR2A4,OR2A5,2,TRUE,TRUE,0.08672528,0.075562842
OR2A4_OR2A7,OR2A4,OR2A7,1,TRUE,FALSE,0.11313764,
OR2A5_OR2A12,OR2A5,OR2A12,2,TRUE,TRUE,0.080747925,0.07530079
OR2A5_OR2A14,OR2A5,OR2A14,2,TRUE,TRUE,0.078508034,0.054545093
OR2A5_OR2A25,OR2A5,OR2A25,2,TRUE,TRUE,0.071167216,0.075381458
OR2A5_OR2A42,OR2A5,OR2A42,2,TRUE,TRUE,0.075981244,0.063265428
OR2A5_OR2A7,OR2A5,OR2A7,2,TRUE,TRUE,0.011541827,0.03149892
OR2A7_OR2A12,OR2A7,OR2A12,2,TRUE,TRUE,0.015075911,0.033667084
OR2A7_OR2A14,OR2A7,OR2A14,2,TRUE,TRUE,0.017271668,0.033942763
OR2A7_OR2A25,OR2A7,OR2A25,2,TRUE,TRUE,0.01550407,0.021309031
OR2A7_OR2A42,OR2A7,OR2A42,1,TRUE,FALSE,0.01520809,
OR2AE1_OR2AG1,OR2AE1,OR2AG1,2,TRUE,TRUE,0.085404642,0.084823139
OR2AE1_OR2AG2,OR2AE1,OR2AG2,2,TRUE,TRUE,0.086915366,0.107270405
OR2AE1_OR2M2,OR2AE1,OR2M2,2,TRUE,TRUE,0.088396728,0.101285614
OR2AE1_OR2M3,OR2AE1,OR2M3,2,TRUE,TRUE,0.082165532,0.095948055
OR2AE1_OR2M4,OR2AE1,OR2M4,2,TRUE,TRUE,0.088398181,0.091189966
OR2AE1_OR2M5,OR2AE1,OR2M5,2,TRUE,TRUE,0.088398181,0.110750996
OR2AE1_OR2M7,OR2AE1,OR2M7,2,TRUE,TRUE,0.088398181,0.100961186
OR2AE1_OR2T1,OR2AE1,OR2T1,2,TRUE,TRUE,0.087391317,0.092996716
OR2AE1_OR2T10,OR2AE1,OR2T10,2,TRUE,TRUE,0.088757172,0.091522038
OR2AE1_OR2T11,OR2AE1,OR2T11,2,TRUE,TRUE,0.081068538,0.097887762
OR2AE1_OR2T12,OR2AE1,OR2T12,2,TRUE,TRUE,0.088825494,0.107106455
OR2AE1_OR2T2,OR2AE1,OR2T2,2,TRUE,TRUE,0.085523903,0.105773121
OR2AE1_OR2T27,OR2AE1,OR2T27,2,TRUE,TRUE,0.087563396,0.100359231
OR2AE1_OR2T29,OR2AE1,OR2T29,2,TRUE,TRUE,0.088391311,0.098427176
OR2AE1_OR2T3,OR2AE1,OR2T3,2,TRUE,TRUE,0.083740763,0.098063037
OR2AE1_OR2T33,OR2AE1,OR2T33,2,TRUE,TRUE,0.088825494,0.107058838
OR2AE1_OR2T34,OR2AE1,OR2T34,2,TRUE,TRUE,0.089034952,0.09355858
OR2AE1_OR2T35,OR2AE1,OR2T35,2,TRUE,TRUE,0.091412582,0.110152714
OR2AE1_OR2T4,OR2AE1,OR2T4,2,TRUE,TRUE,0.088396728,0.101814307
OR2AE1_OR2T5,OR2AE1,OR2T5,2,TRUE,TRUE,0.087835759,0.098982736
OR2AE1_OR2T6,OR2AE1,OR2T6,2,TRUE,TRUE,0.087557979,0.101624623
OR2AE1_OR2T8,OR2AE1,OR2T8,2,TRUE,TRUE,0.046858098,0.075881459
OR2AE1_OR2V1,OR2AE1,OR2V1,2,TRUE,TRUE,0.087769367,0.091212094
OR2AE1_OR2V2,OR2AE1,OR2V2,2,TRUE,TRUE,0.088152267,0.093582042
OR2AE1_OR2Z1,OR2AE1,OR2Z1,2,TRUE,TRUE,0.088555567,0.089098766
OR2AG1_OR2AG2,OR2AG1,OR2AG2,2,TRUE,TRUE,0.107717991,0.087810837
OR2AG1_OR2M2,OR2AG1,OR2M2,2,TRUE,TRUE,0.088317417,0.133924812
OR2AG1_OR2M3,OR2AG1,OR2M3,2,TRUE,TRUE,0.084942877,0.1325019
OR2AG1_OR2M4,OR2AG1,OR2M4,2,TRUE,TRUE,0.09094777,0.077921309
OR2AG1_OR2M5,OR2AG1,OR2M5,2,TRUE,TRUE,0.092822768,0.134803578
OR2AG1_OR2M7,OR2AG1,OR2M7,2,TRUE,TRUE,0.092584677,0.087109633
OR2AG1_OR2T1,OR2AG1,OR2T1,2,TRUE,TRUE,0.087650754,0.082024992
OR2AG1_OR2T10,OR2AG1,OR2T10,2,TRUE,TRUE,0.093451075,0.078410171
OR2AG1_OR2T11,OR2AG1,OR2T11,2,TRUE,TRUE,0.092138641,0.079896368
OR2AG1_OR2T12,OR2AG1,OR2T12,2,TRUE,TRUE,0.090526514,0.134617522
OR2AG1_OR2T2,OR2AG1,OR2T2,2,TRUE,TRUE,0.086325355,0.129694536
OR2AG1_OR2T27,OR2AG1,OR2T27,2,TRUE,TRUE,0.096539699,0.136632666
OR2AG1_OR2T29,OR2AG1,OR2T29,2,TRUE,TRUE,0.093297578,0.145545304
OR2AG1_OR2T3,OR2AG1,OR2T3,2,TRUE,TRUE,0.093398161,0.131849483
OR2AG1_OR2T33,OR2AG1,OR2T33,2,TRUE,TRUE,0.090621755,0.134721175
OR2AG1_OR2T34,OR2AG1,OR2T34,2,TRUE,TRUE,0.096493401,0.135652304
OR2AG1_OR2T35,OR2AG1,OR2T35,2,TRUE,TRUE,0.087904721,0.141488582
OR2AG1_OR2T4,OR2AG1,OR2T4,2,TRUE,TRUE,0.087745994,0.079703733
OR2AG1_OR2T5,OR2AG1,OR2T5,2,TRUE,TRUE,0.092753358,0.140062958
OR2AG1_OR2T6,OR2AG1,OR2T6,2,TRUE,TRUE,0.090868406,0.080629237
OR2AG1_OR2T8,OR2AG1,OR2T8,2,TRUE,TRUE,0.051829632,0.130600691
OR2AG1_OR2V1,OR2AG1,OR2V1,2,TRUE,TRUE,0.091851607,0.074443318
OR2AG1_OR2V2,OR2AG1,OR2V2,2,TRUE,TRUE,0.092994764,0.077787004
OR2AG1_OR2Z1,OR2AG1,OR2Z1,2,TRUE,TRUE,0.098595716,0.071604162
OR2AG2_OR2M2,OR2AG2,OR2M2,2,TRUE,TRUE,0.089921981,0.107412085
OR2AG2_OR2M3,OR2AG2,OR2M3,2,TRUE,TRUE,0.088926122,0.109596282
OR2AG2_OR2M4,OR2AG2,OR2M4,2,TRUE,TRUE,0.092380315,0.095298067
OR2AG2_OR2M5,OR2AG2,OR2M5,2,TRUE,TRUE,0.091006078,0.108193099
OR2AG2_OR2M7,OR2AG2,OR2M7,2,TRUE,TRUE,0.092381075,0.105429843
OR2AG2_OR2T1,OR2AG2,OR2T1,2,TRUE,TRUE,0.089398049,0.093911208
OR2AG2_OR2T10,OR2AG2,OR2T10,2,TRUE,TRUE,0.092481978,0.096211784
OR2AG2_OR2T11,OR2AG2,OR2T11,2,TRUE,TRUE,0.093064904,0.110264786
OR2AG2_OR2T12,OR2AG2,OR2T12,2,TRUE,TRUE,0.091339409,0.110900566
OR2AG2_OR2T2,OR2AG2,OR2T2,2,TRUE,TRUE,0.089681849,0.099707574
OR2AG2_OR2T27,OR2AG2,OR2T27,2,TRUE,TRUE,0.094287202,0.115414739
OR2AG2_OR2T29,OR2AG2,OR2T29,2,TRUE,TRUE,0.091335453,0.11776261
OR2AG2_OR2T3,OR2AG2,OR2T3,2,TRUE,TRUE,0.087476909,0.114495941
OR2AG2_OR2T33,OR2AG2,OR2T33,2,TRUE,TRUE,0.092381075,0.11034786
OR2AG2_OR2T34,OR2AG2,OR2T34,2,TRUE,TRUE,0.090794429,0.107409321
OR2AG2_OR2T35,OR2AG2,OR2T35,2,TRUE,TRUE,0.090505324,0.111002631
OR2AG2_OR2T4,OR2AG2,OR2T4,2,TRUE,TRUE,0.090963647,0.10362263
OR2AG2_OR2T5,OR2AG2,OR2T5,2,TRUE,TRUE,0.090791233,0.118329503
OR2AG2_OR2T6,OR2AG2,OR2T6,2,TRUE,TRUE,0.092893235,0.105485961
OR2AG2_OR2T8,OR2AG2,OR2T8,2,TRUE,TRUE,0.04581153,0.072834268
OR2AG2_OR2V1,OR2AG2,OR2V1,2,TRUE,TRUE,0.090689369,0.096168458
OR2AG2_OR2V2,OR2AG2,OR2V2,2,TRUE,TRUE,0.090748891,0.100751214
OR2AG2_OR2Z1,OR2AG2,OR2Z1,2,TRUE,TRUE,0.091820844,0.09354344
OR2AJ1_OR2AK2,OR2AJ1,OR2AK2,2,TRUE,TRUE,0.048801724,0.05316633
OR2AJ1_OR2L13,OR2AJ1,OR2L13,2,TRUE,TRUE,5.51E-05,0.02568648
OR2AJ1_OR2L2,OR2AJ1,OR2L2,1,TRUE,FALSE,0.016265033,
OR2AJ1_OR2L3,OR2AJ1,OR2L3,1,TRUE,FALSE,0.049358733,
OR2AJ1_OR2L5,OR2AJ1,OR2L5,2,TRUE,TRUE,0.049358733,0.130497351
OR2AJ1_OR2L8,OR2AJ1,OR2L8,1,TRUE,FALSE,0.048739955,
OR2AK2_OR2L13,OR2AK2,OR2L13,2,TRUE,TRUE,5.40E-05,0.000554359
OR2AK2_OR2L2,OR2AK2,OR2L2,2,TRUE,TRUE,0.016265033,0.021017671
OR2AK2_OR2L3,OR2AK2,OR2L3,2,TRUE,TRUE,0.049442068,0.052711528
OR2AK2_OR2L5,OR2AK2,OR2L5,2,TRUE,TRUE,0.049442068,0.066792481
OR2AK2_OR2L8,OR2AK2,OR2L8,2,TRUE,TRUE,0.048455928,0.055882253
OR2AP1_OR6C1,OR2AP1,OR6C1,2,TRUE,TRUE,0.045346849,0.080676354
OR2AP1_OR6C3,OR2AP1,OR6C3,2,TRUE,TRUE,0.046420723,0.081379518
OR2AP1_OR6C4,OR2AP1,OR6C4,2,TRUE,TRUE,0.058976315,0.070333593
OR2AP1_OR6C6,OR2AP1,OR6C6,2,TRUE,TRUE,0.042102452,0.089138493
OR2AP1_OR6C65,OR2AP1,OR6C65,2,TRUE,TRUE,0.04375004,0.081718355
OR2AP1_OR6C70,OR2AP1,OR6C70,2,TRUE,TRUE,0.044589419,0.083548151
OR2AP1_OR6C74,OR2AP1,OR6C74,2,TRUE,TRUE,0.046518974,0.086650461
OR2AP1_OR6C75,OR2AP1,OR6C75,2,TRUE,TRUE,0.046433128,0.08062268
OR2AP1_OR6C76,OR2AP1,OR6C76,2,TRUE,TRUE,0.049747363,0.080944762
OR2B2_OR2B11,OR2B2,OR2B11,2,TRUE,TRUE,0.039984308,0.040472835
OR2B2_OR2B3,OR2B2,OR2B3,2,TRUE,TRUE,0.047081321,0.053795803
OR2B2_OR2B6,OR2B2,OR2B6,2,TRUE,TRUE,0.013566273,0.020345971
OR2B3_OR2B11,OR2B3,OR2B11,2,TRUE,TRUE,0.043398838,0.040815186
OR2B3_OR2B6,OR2B3,OR2B6,2,TRUE,TRUE,0.018818755,0.065977275
OR2B6_OR2B11,OR2B6,OR2B11,2,TRUE,TRUE,0.008255537,0.013349422
OR2C1_OR2C3,OR2C1,OR2C3,2,TRUE,TRUE,0.011243553,0.023916926
OR2C1_OR2G2,OR2C1,OR2G2,2,TRUE,TRUE,0.009598348,0.025712334
OR2C1_OR2G3,OR2C1,OR2G3,2,TRUE,TRUE,0.009331696,0.021002522
OR2C1_OR2G6,OR2C1,OR2G6,2,TRUE,TRUE,0.011229758,0.021233147
OR2C1_OR2J1,OR2C1,OR2J1,2,TRUE,TRUE,0.024002422,0.027779885
OR2C1_OR2J2,OR2C1,OR2J2,2,TRUE,TRUE,0.0216019,0.021904821
OR2C1_OR2J3,OR2C1,OR2J3,2,TRUE,TRUE,0.014494061,0.021580996
OR2C1_OR2W1,OR2C1,OR2W1,2,TRUE,TRUE,0.00867359,0.008328319
OR2C1_OR2W3,OR2C1,OR2W3,2,TRUE,TRUE,0.001005886,0.006442205
OR2C1_OR2Y1,OR2C1,OR2Y1,2,TRUE,TRUE,0.011867348,0.038042333
OR2C3_OR2G2,OR2C3,OR2G2,2,TRUE,TRUE,0.046530869,0.053607125
OR2C3_OR2G3,OR2C3,OR2G3,2,TRUE,TRUE,0.045546867,0.052304439
OR2C3_OR2G6,OR2C3,OR2G6,2,TRUE,TRUE,0.046792973,0.05016537
OR2C3_OR2J1,OR2C3,OR2J1,2,TRUE,TRUE,0.045844425,0.054693762
OR2C3_OR2J2,OR2C3,OR2J2,2,TRUE,TRUE,0.043083388,0.049931768
OR2C3_OR2J3,OR2C3,OR2J3,2,TRUE,TRUE,0.043077171,0.049479336
OR2C3_OR2W1,OR2C3,OR2W1,2,TRUE,TRUE,0.048492242,0.046344005
OR2C3_OR2W3,OR2C3,OR2W3,2,TRUE,TRUE,4.44E-05,0.002612006
OR2C3_OR2Y1,OR2C3,OR2Y1,2,TRUE,TRUE,0.041847624,0.062935166
OR2D2_OR2D3,OR2D2,OR2D3,2,TRUE,TRUE,0.050627884,0.104693301
OR2D2_OR2F1,OR2D2,OR2F1,2,TRUE,TRUE,0.049490344,0.078547388
OR2D2_OR2F2,OR2D2,OR2F2,2,TRUE,TRUE,0.046336971,0.038981128
OR2D3_OR2F1,OR2D3,OR2F1,2,TRUE,TRUE,0.046949934,0.075569473
OR2D3_OR2F2,OR2D3,OR2F2,2,TRUE,TRUE,0.044242002,0.037390523
OR2F1_OR2F2,OR2F1,OR2F2,2,TRUE,TRUE,0.105702095,0.078140974
OR2G2_OR2G3,OR2G2,OR2G3,2,TRUE,TRUE,0.047397316,0.053034279
OR2G2_OR2G6,OR2G2,OR2G6,2,TRUE,TRUE,0.05271785,0.059687566
OR2G2_OR2J1,OR2G2,OR2J1,2,TRUE,TRUE,0.048057567,0.050254669
OR2G2_OR2J2,OR2G2,OR2J2,2,TRUE,TRUE,0.045939125,0.051463671
OR2G2_OR2J3,OR2G2,OR2J3,2,TRUE,TRUE,0.045939125,0.048777223
OR2G2_OR2W1,OR2G2,OR2W1,2,TRUE,TRUE,0.047280543,0.04270117
OR2G2_OR2W3,OR2G2,OR2W3,2,TRUE,TRUE,0.000492172,0.00557584
OR2G2_OR2Y1,OR2G2,OR2Y1,2,TRUE,TRUE,0.0412932,0.059150044
OR2G3_OR2G6,OR2G3,OR2G6,2,TRUE,TRUE,0.049085379,0.053620476
OR2G3_OR2J1,OR2G3,OR2J1,2,TRUE,TRUE,0.048208941,0.057850104
OR2G3_OR2J2,OR2G3,OR2J2,2,TRUE,TRUE,0.047573924,0.056182761
OR2G3_OR2J3,OR2G3,OR2J3,2,TRUE,TRUE,0.048423886,0.050948482
OR2G3_OR2W1,OR2G3,OR2W1,2,TRUE,TRUE,0.046615683,0.04424648
OR2G3_OR2W3,OR2G3,OR2W3,2,TRUE,TRUE,7.16E-05,0.003572246
OR2G3_OR2Y1,OR2G3,OR2Y1,2,TRUE,TRUE,0.043946192,0.062316272
OR2G6_OR2J1,OR2G6,OR2J1,2,TRUE,TRUE,0.048468452,0.047969218
OR2G6_OR2J2,OR2G6,OR2J2,2,TRUE,TRUE,0.049806718,0.050700814
OR2G6_OR2J3,OR2G6,OR2J3,2,TRUE,TRUE,0.048019763,0.040917829
OR2G6_OR2W1,OR2G6,OR2W1,2,TRUE,TRUE,0.048968479,0.042710412
OR2G6_OR2W3,OR2G6,OR2W3,2,TRUE,TRUE,5.52E-05,0.004433928
OR2G6_OR2Y1,OR2G6,OR2Y1,2,TRUE,TRUE,0.041587722,0.055496562
OR2H1_OR2H2,OR2H1,OR2H2,2,TRUE,TRUE,0.029155949,0.039321024
OR2J1_OR2J2,OR2J1,OR2J2,2,TRUE,TRUE,0.074732341,0.106520168
OR2J1_OR2J3,OR2J1,OR2J3,2,TRUE,TRUE,0.068851516,0.140491351
OR2J1_OR2W1,OR2J1,OR2W1,2,TRUE,TRUE,0.047494717,0.100496709
OR2J1_OR2W3,OR2J1,OR2W3,2,TRUE,TRUE,0.015207008,0.01656213
OR2J1_OR2Y1,OR2J1,OR2Y1,2,TRUE,TRUE,0.04609371,0.099954911
OR2J2_OR2J3,OR2J2,OR2J3,2,TRUE,TRUE,0.062784299,0.070454396
OR2J2_OR2W1,OR2J2,OR2W1,2,TRUE,TRUE,0.04554544,0.055993218
OR2J2_OR2W3,OR2J2,OR2W3,2,TRUE,TRUE,0.001084894,0.00330834
OR2J2_OR2Y1,OR2J2,OR2Y1,2,TRUE,TRUE,0.042055454,0.067501247
OR2J3_OR2W1,OR2J3,OR2W1,2,TRUE,TRUE,0.044990972,0.074285127
OR2J3_OR2W3,OR2J3,OR2W3,2,TRUE,TRUE,6.99E-05,0.002586358
OR2J3_OR2Y1,OR2J3,OR2Y1,2,TRUE,TRUE,0.047541756,0.088336177
OR2K2_OR13C2,OR2K2,OR13C2,2,TRUE,TRUE,0.009783344,0.049783852
OR2K2_OR13C3,OR2K2,OR13C3,2,TRUE,TRUE,0.011077434,0.018286949
OR2K2_OR13C4,OR2K2,OR13C4,2,TRUE,TRUE,0.007660411,0.007751942
OR2K2_OR13C5,OR2K2,OR13C5,2,TRUE,TRUE,0.007660411,0.047425639
OR2K2_OR13C8,OR2K2,OR13C8,2,TRUE,TRUE,0.009492174,0.009103163
OR2K2_OR13C9,OR2K2,OR13C9,2,TRUE,TRUE,0.007679302,0.04528508
OR2K2_OR13D1,OR2K2,OR13D1,2,TRUE,TRUE,0.011081047,0.058396373
OR2K2_OR13F1,OR2K2,OR13F1,2,TRUE,TRUE,0.010252649,0.019918885
OR2K2_OR13J1,OR2K2,OR13J1,2,TRUE,TRUE,0.000618679,0.064505763
OR2K2_OR2S2,OR2K2,OR2S2,2,TRUE,TRUE,0.010042595,0.17697455
OR2L2_OR2L13,OR2L2,OR2L13,2,TRUE,TRUE,0.00652144,0.025607133
OR2L2_OR2L3,OR2L2,OR2L3,1,TRUE,FALSE,0.037405036,
OR2L2_OR2L5,OR2L2,OR2L5,2,TRUE,TRUE,0.042525765,0.159155905
OR2L2_OR2L8,OR2L2,OR2L8,1,TRUE,FALSE,0.047624815,
OR2L3_OR2L13,OR2L3,OR2L13,2,TRUE,TRUE,0.006235201,0.018518327
OR2L3_OR2L5,OR2L3,OR2L5,2,TRUE,TRUE,0.06786523,0.17153886
OR2L3_OR2L8,OR2L3,OR2L8,1,TRUE,FALSE,0.086287744,
OR2L5_OR2L13,OR2L5,OR2L13,2,TRUE,TRUE,0.003399201,0.052438326
OR2L5_OR2L8,OR2L5,OR2L8,2,TRUE,TRUE,0.070019275,0.177875593
OR2L8_OR2L13,OR2L8,OR2L13,2,TRUE,TRUE,0.013378102,0.05774707
OR2M2_OR2M3,OR2M2,OR2M3,1,TRUE,FALSE,0.094514161,
OR2M2_OR2M4,OR2M2,OR2M4,2,TRUE,TRUE,0.094020434,0.101599343
OR2M2_OR2M5,OR2M2,OR2M5,2,TRUE,TRUE,0.100248165,0.163336068
OR2M2_OR2M7,OR2M2,OR2M7,2,TRUE,TRUE,0.099947244,0.108809195
OR2M2_OR2T1,OR2M2,OR2T1,2,TRUE,TRUE,0.089236014,0.096952684
OR2M2_OR2T10,OR2M2,OR2T10,2,TRUE,TRUE,0.089783087,0.092873439
OR2M2_OR2T11,OR2M2,OR2T11,2,TRUE,TRUE,0.085732102,0.096943438
OR2M2_OR2T12,OR2M2,OR2T12,1,TRUE,FALSE,0.088909544,
OR2M2_OR2T2,OR2M2,OR2T2,1,TRUE,FALSE,0.088649623,
OR2M2_OR2T27,OR2M2,OR2T27,1,TRUE,FALSE,0.093825601,
OR2M2_OR2T29,OR2M2,OR2T29,1,TRUE,FALSE,0.089723572,
OR2M2_OR2T3,OR2M2,OR2T3,1,TRUE,FALSE,0.084850013,
OR2M2_OR2T33,OR2M2,OR2T33,1,TRUE,FALSE,0.090483613,
OR2M2_OR2T34,OR2M2,OR2T34,1,TRUE,FALSE,0.089727536,
OR2M2_OR2T35,OR2M2,OR2T35,1,TRUE,FALSE,0.090723574,
OR2M2_OR2T4,OR2M2,OR2T4,2,TRUE,TRUE,0.0945336,0.098388284
OR2M2_OR2T5,OR2M2,OR2T5,1,TRUE,FALSE,0.089723572,
OR2M2_OR2T6,OR2M2,OR2T6,2,TRUE,TRUE,0.088624902,0.089350976
OR2M2_OR2T8,OR2M2,OR2T8,1,TRUE,FALSE,0.04654796,
OR2M2_OR2V1,OR2M2,OR2V1,2,TRUE,TRUE,0.088787064,0.094717041
OR2M2_OR2V2,OR2M2,OR2V2,2,TRUE,TRUE,0.090162069,0.093247958
OR2M2_OR2Z1,OR2M2,OR2Z1,2,TRUE,TRUE,0.087523699,0.091511428
OR2M3_OR2M4,OR2M3,OR2M4,2,TRUE,TRUE,0.095937714,0.108954147
OR2M3_OR2M5,OR2M3,OR2M5,2,TRUE,TRUE,0.130540013,0.18446815
OR2M3_OR2M7,OR2M3,OR2M7,2,TRUE,TRUE,0.133701026,0.141983151
OR2M3_OR2T1,OR2M3,OR2T1,2,TRUE,TRUE,0.084923305,0.096386574
OR2M3_OR2T10,OR2M3,OR2T10,2,TRUE,TRUE,0.094257824,0.104188301
OR2M3_OR2T11,OR2M3,OR2T11,2,TRUE,TRUE,0.086451277,0.097641438
OR2M3_OR2T12,OR2M3,OR2T12,1,TRUE,FALSE,0.087606095,
OR2M3_OR2T2,OR2M3,OR2T2,1,TRUE,FALSE,0.088224068,
OR2M3_OR2T27,OR2M3,OR2T27,1,TRUE,FALSE,0.088286467,
OR2M3_OR2T29,OR2M3,OR2T29,1,TRUE,FALSE,0.086596817,
OR2M3_OR2T3,OR2M3,OR2T3,1,TRUE,FALSE,0.088006802,
OR2M3_OR2T33,OR2M3,OR2T33,1,TRUE,FALSE,0.087606095,
OR2M3_OR2T34,OR2M3,OR2T34,1,TRUE,FALSE,0.086404905,
OR2M3_OR2T35,OR2M3,OR2T35,1,TRUE,FALSE,0.085683353,
OR2M3_OR2T4,OR2M3,OR2T4,2,TRUE,TRUE,0.088915005,0.091905393
OR2M3_OR2T5,OR2M3,OR2T5,1,TRUE,FALSE,0.086457931,
OR2M3_OR2T6,OR2M3,OR2T6,2,TRUE,TRUE,0.088253111,0.090568319
OR2M3_OR2T8,OR2M3,OR2T8,1,TRUE,FALSE,0.054401234,
OR2M3_OR2V1,OR2M3,OR2V1,2,TRUE,TRUE,0.085878603,0.097806819
OR2M3_OR2V2,OR2M3,OR2V2,2,TRUE,TRUE,0.087071687,0.096902788
OR2M3_OR2Z1,OR2M3,OR2Z1,2,TRUE,TRUE,0.089404039,0.09500239
OR2M4_OR2M5,OR2M4,OR2M5,2,TRUE,TRUE,0.098948479,0.10628891
OR2M4_OR2M7,OR2M4,OR2M7,2,TRUE,TRUE,0.096418194,0.100788362
OR2M4_OR2T1,OR2M4,OR2T1,2,TRUE,TRUE,0.087342493,0.093932651
OR2M4_OR2T10,OR2M4,OR2T10,2,TRUE,TRUE,0.094292693,0.096104607
OR2M4_OR2T11,OR2M4,OR2T11,2,TRUE,TRUE,0.087781101,0.096863575
OR2M4_OR2T12,OR2M4,OR2T12,2,TRUE,TRUE,0.089358613,0.099482127
OR2M4_OR2T2,OR2M4,OR2T2,2,TRUE,TRUE,0.089473695,0.099410772
OR2M4_OR2T27,OR2M4,OR2T27,2,TRUE,TRUE,0.090784542,0.097934268
OR2M4_OR2T29,OR2M4,OR2T29,2,TRUE,TRUE,0.091891006,0.099037655
OR2M4_OR2T3,OR2M4,OR2T3,2,TRUE,TRUE,0.087680161,0.097775578
OR2M4_OR2T33,OR2M4,OR2T33,2,TRUE,TRUE,0.094678901,0.10390956
OR2M4_OR2T34,OR2M4,OR2T34,2,TRUE,TRUE,0.090779901,0.100839071
OR2M4_OR2T35,OR2M4,OR2T35,2,TRUE,TRUE,0.092214316,0.100119874
OR2M4_OR2T4,OR2M4,OR2T4,2,TRUE,TRUE,0.092014752,0.092723317
OR2M4_OR2T5,OR2M4,OR2T5,2,TRUE,TRUE,0.093141004,0.09999112
OR2M4_OR2T6,OR2M4,OR2T6,2,TRUE,TRUE,0.09457019,0.096926466
OR2M4_OR2T8,OR2M4,OR2T8,2,TRUE,TRUE,0.050778989,0.067594163
OR2M4_OR2V1,OR2M4,OR2V1,2,TRUE,TRUE,0.093063526,0.098978229
OR2M4_OR2V2,OR2M4,OR2V2,2,TRUE,TRUE,0.092111908,0.093341425
OR2M4_OR2Z1,OR2M4,OR2Z1,2,TRUE,TRUE,0.090273835,0.092934281
OR2M5_OR2M7,OR2M5,OR2M7,2,TRUE,TRUE,0.135455355,0.133165896
OR2M5_OR2T1,OR2M5,OR2T1,2,TRUE,TRUE,0.09091194,0.090904273
OR2M5_OR2T10,OR2M5,OR2T10,2,TRUE,TRUE,0.098434411,0.107757203
OR2M5_OR2T11,OR2M5,OR2T11,2,TRUE,TRUE,0.089656107,0.121741511
OR2M5_OR2T12,OR2M5,OR2T12,2,TRUE,TRUE,0.092553064,0.151410535
OR2M5_OR2T2,OR2M5,OR2T2,2,TRUE,TRUE,0.088316292,0.15337351
OR2M5_OR2T27,OR2M5,OR2T27,2,TRUE,TRUE,0.091117874,0.151205763
OR2M5_OR2T29,OR2M5,OR2T29,2,TRUE,TRUE,0.091891006,0.145959482
OR2M5_OR2T3,OR2M5,OR2T3,2,TRUE,TRUE,0.088013493,0.147596717
OR2M5_OR2T33,OR2M5,OR2T33,2,TRUE,TRUE,0.092219725,0.150185674
OR2M5_OR2T34,OR2M5,OR2T34,2,TRUE,TRUE,0.092557684,0.146423429
OR2M5_OR2T35,OR2M5,OR2T35,2,TRUE,TRUE,0.091056906,0.139091879
OR2M5_OR2T4,OR2M5,OR2T4,2,TRUE,TRUE,0.091102533,0.108877085
OR2M5_OR2T5,OR2M5,OR2T5,2,TRUE,TRUE,0.091891006,0.141564637
OR2M5_OR2T6,OR2M5,OR2T6,2,TRUE,TRUE,0.09298601,0.100862585
OR2M5_OR2T8,OR2M5,OR2T8,2,TRUE,TRUE,0.057260759,0.153405055
OR2M5_OR2V1,OR2M5,OR2V1,2,TRUE,TRUE,0.092232026,0.102504104
OR2M5_OR2V2,OR2M5,OR2V2,2,TRUE,TRUE,0.092863739,0.110919647
OR2M5_OR2Z1,OR2M5,OR2Z1,2,TRUE,TRUE,0.089450434,0.077469908
OR2M7_OR2T1,OR2M7,OR2T1,2,TRUE,TRUE,0.089134157,0.093362153
OR2M7_OR2T10,OR2M7,OR2T10,2,TRUE,TRUE,0.099743932,0.102908574
OR2M7_OR2T11,OR2M7,OR2T11,2,TRUE,TRUE,0.090237454,0.106695928
OR2M7_OR2T12,OR2M7,OR2T12,2,TRUE,TRUE,0.090816952,0.099225573
OR2M7_OR2T2,OR2M7,OR2T2,2,TRUE,TRUE,0.089691289,0.105902709
OR2M7_OR2T27,OR2M7,OR2T27,2,TRUE,TRUE,0.093243718,0.099546693
OR2M7_OR2T29,OR2M7,OR2T29,2,TRUE,TRUE,0.091891006,0.108943142
OR2M7_OR2T3,OR2M7,OR2T3,2,TRUE,TRUE,0.087680161,0.095102765
OR2M7_OR2T33,OR2M7,OR2T33,2,TRUE,TRUE,0.090816952,0.099494092
OR2M7_OR2T34,OR2M7,OR2T34,2,TRUE,TRUE,0.092557684,0.094186097
OR2M7_OR2T35,OR2M7,OR2T35,2,TRUE,TRUE,0.091056906,0.102785014
OR2M7_OR2T4,OR2M7,OR2T4,2,TRUE,TRUE,0.089324757,0.094598092
OR2M7_OR2T5,OR2M7,OR2T5,2,TRUE,TRUE,0.091891006,0.109025054
OR2M7_OR2T6,OR2M7,OR2T6,2,TRUE,TRUE,0.091041565,0.095185079
OR2M7_OR2T8,OR2M7,OR2T8,2,TRUE,TRUE,0.057597317,0.095052585
OR2M7_OR2V1,OR2M7,OR2V1,2,TRUE,TRUE,0.092563525,0.094091542
OR2M7_OR2V2,OR2M7,OR2V2,2,TRUE,TRUE,0.093486905,0.098842859
OR2M7_OR2Z1,OR2M7,OR2Z1,2,TRUE,TRUE,0.089783773,0.09159632
OR2S2_OR13C2,OR2S2,OR13C2,2,TRUE,TRUE,0.048503749,0.181251973
OR2S2_OR13C3,OR2S2,OR13C3,2,TRUE,TRUE,0.043633677,0.165718719
OR2S2_OR13C4,OR2S2,OR13C4,2,TRUE,TRUE,0.048258774,0.158068582
OR2S2_OR13C5,OR2S2,OR13C5,2,TRUE,TRUE,0.048503749,0.184891939
OR2S2_OR13C8,OR2S2,OR13C8,2,TRUE,TRUE,0.058672588,0.159182087
OR2S2_OR13C9,OR2S2,OR13C9,2,TRUE,TRUE,0.054544445,0.189828098
OR2S2_OR13D1,OR2S2,OR13D1,2,TRUE,TRUE,0.04344818,0.213427112
OR2S2_OR13F1,OR2S2,OR13F1,2,TRUE,TRUE,0.051998209,0.174507245
OR2S2_OR13J1,OR2S2,OR13J1,2,TRUE,TRUE,0.004745904,0.300816745
OR2T10_OR2T11,OR2T10,OR2T11,2,TRUE,TRUE,0.094801128,0.104568742
OR2T10_OR2T12,OR2T10,OR2T12,2,TRUE,TRUE,0.090783089,0.093219094
OR2T10_OR2T27,OR2T10,OR2T27,2,TRUE,TRUE,0.095956624,0.098221056
OR2T10_OR2T29,OR2T10,OR2T29,2,TRUE,TRUE,0.096790858,0.100402586
OR2T10_OR2T33,OR2T10,OR2T33,2,TRUE,TRUE,0.090784542,0.09250626
OR2T10_OR2T34,OR2T10,OR2T34,2,TRUE,TRUE,0.097675204,0.099776469
OR2T10_OR2T35,OR2T10,OR2T35,2,TRUE,TRUE,0.096760795,0.100254655
OR2T10_OR2V1,OR2T10,OR2V1,2,TRUE,TRUE,0.091431782,0.093519382
OR2T10_OR2V2,OR2T10,OR2V2,2,TRUE,TRUE,0.092089184,0.094597913
OR2T10_OR2Z1,OR2T10,OR2Z1,2,TRUE,TRUE,0.091008984,0.090695411
OR2T11_OR2T12,OR2T11,OR2T12,2,TRUE,TRUE,0.0879412,0.100587472
OR2T11_OR2T27,OR2T11,OR2T27,2,TRUE,TRUE,0.098168001,0.106859811
OR2T11_OR2T29,OR2T11,OR2T29,2,TRUE,TRUE,0.091939114,0.102841653
OR2T11_OR2T33,OR2T11,OR2T33,2,TRUE,TRUE,0.086899534,0.098831519
OR2T11_OR2T34,OR2T11,OR2T34,2,TRUE,TRUE,0.096145034,0.106959432
OR2T11_OR2T35,OR2T11,OR2T35,2,TRUE,TRUE,0.091610588,0.101682261
OR2T11_OR2V1,OR2T11,OR2V1,2,TRUE,TRUE,0.08802741,0.095694654
OR2T11_OR2V2,OR2T11,OR2V2,2,TRUE,TRUE,0.090327978,0.101005107
OR2T11_OR2Z1,OR2T11,OR2Z1,2,TRUE,TRUE,0.098783828,0.092334226
OR2T12_OR2T27,OR2T12,OR2T27,1,TRUE,FALSE,0.093004212,
OR2T12_OR2T29,OR2T12,OR2T29,1,TRUE,FALSE,0.092214316,
OR2T12_OR2T33,OR2T12,OR2T33,1,TRUE,FALSE,0.126587778,
OR2T12_OR2T34,OR2T12,OR2T34,1,TRUE,FALSE,0.092240326,
OR2T12_OR2T35,OR2T12,OR2T35,1,TRUE,FALSE,0.093048416,
OR2T12_OR2V1,OR2T12,OR2V1,2,TRUE,TRUE,0.091611139,0.099699661
OR2T12_OR2V2,OR2T12,OR2V2,2,TRUE,TRUE,0.091611139,0.095690489
OR2T12_OR2Z1,OR2T12,OR2Z1,2,TRUE,TRUE,0.088858485,0.092827901
OR2T1_OR2T10,OR2T1,OR2T10,2,TRUE,TRUE,0.089260615,0.091805421
OR2T1_OR2T11,OR2T1,OR2T11,2,TRUE,TRUE,0.085641496,0.096829198
OR2T1_OR2T12,OR2T1,OR2T12,2,TRUE,TRUE,0.08775916,0.095159724
OR2T1_OR2T2,OR2T1,OR2T2,2,TRUE,TRUE,0.088141173,0.095592111
OR2T1_OR2T27,OR2T1,OR2T27,2,TRUE,TRUE,0.09042424,0.09655045
OR2T1_OR2T29,OR2T1,OR2T29,2,TRUE,TRUE,0.090695798,0.09592545
OR2T1_OR2T3,OR2T1,OR2T3,2,TRUE,TRUE,0.084992751,0.093237169
OR2T1_OR2T33,OR2T1,OR2T33,2,TRUE,TRUE,0.087343775,0.093933091
OR2T1_OR2T34,OR2T1,OR2T34,2,TRUE,TRUE,0.089536935,0.093543984
OR2T1_OR2T35,OR2T1,OR2T35,2,TRUE,TRUE,0.090887204,0.096006796
OR2T1_OR2T4,OR2T1,OR2T4,2,TRUE,TRUE,0.089890242,0.093918011
OR2T1_OR2T5,OR2T1,OR2T5,2,TRUE,TRUE,0.090695798,0.09592545
OR2T1_OR2T6,OR2T1,OR2T6,2,TRUE,TRUE,0.091317095,0.096679397
OR2T1_OR2T8,OR2T1,OR2T8,2,TRUE,TRUE,0.046020385,0.058383517
OR2T1_OR2V1,OR2T1,OR2V1,2,TRUE,TRUE,0.086817242,0.093220256
OR2T1_OR2V2,OR2T1,OR2V2,2,TRUE,TRUE,0.088595018,0.091489814
OR2T1_OR2Z1,OR2T1,OR2Z1,2,TRUE,TRUE,0.085516296,0.088856861
OR2T27_OR2T29,OR2T27,OR2T29,1,TRUE,FALSE,0.093586378,
OR2T27_OR2T33,OR2T27,OR2T33,1,TRUE,FALSE,0.094161622,
OR2T27_OR2T34,OR2T27,OR2T34,1,TRUE,FALSE,0.094061211,
OR2T27_OR2T35,OR2T27,OR2T35,1,TRUE,FALSE,0.095862679,
OR2T27_OR2V1,OR2T27,OR2V1,2,TRUE,TRUE,0.091625787,0.099850714
OR2T27_OR2V2,OR2T27,OR2V2,2,TRUE,TRUE,0.094845645,0.100127056
OR2T27_OR2Z1,OR2T27,OR2Z1,2,TRUE,TRUE,0.090234064,0.0942614
OR2T29_OR2T33,OR2T29,OR2T33,1,TRUE,FALSE,0.092214316,
OR2T29_OR2T34,OR2T29,OR2T34,1,TRUE,FALSE,0.095405899,
OR2T29_OR2T35,OR2T29,OR2T35,1,TRUE,FALSE,0.094071724,
OR2T29_OR2V1,OR2T29,OR2V1,2,TRUE,TRUE,0.094108477,0.103295982
OR2T29_OR2V2,OR2T29,OR2V2,2,TRUE,TRUE,0.094108477,0.100725651
OR2T29_OR2Z1,OR2T29,OR2Z1,2,TRUE,TRUE,0.089395285,0.095547386
OR2T2_OR2T10,OR2T2,OR2T10,2,TRUE,TRUE,0.095520653,0.099706344
OR2T2_OR2T11,OR2T2,OR2T11,2,TRUE,TRUE,0.09390828,0.102098927
OR2T2_OR2T12,OR2T2,OR2T12,1,TRUE,FALSE,0.089150384,
OR2T2_OR2T27,OR2T2,OR2T27,1,TRUE,FALSE,0.096414201,
OR2T2_OR2T29,OR2T2,OR2T29,1,TRUE,FALSE,0.091325693,
OR2T2_OR2T3,OR2T2,OR2T3,1,TRUE,FALSE,0.093201764,
OR2T2_OR2T33,OR2T2,OR2T33,1,TRUE,FALSE,0.090307795,
OR2T2_OR2T34,OR2T2,OR2T34,1,TRUE,FALSE,0.093161315,
OR2T2_OR2T35,OR2T2,OR2T35,1,TRUE,FALSE,0.127664655,
OR2T2_OR2T4,OR2T2,OR2T4,2,TRUE,TRUE,0.089479916,0.10472548
OR2T2_OR2T5,OR2T2,OR2T5,1,TRUE,FALSE,0.094298758,
OR2T2_OR2T6,OR2T2,OR2T6,2,TRUE,TRUE,0.091028288,0.100113712
OR2T2_OR2T8,OR2T2,OR2T8,1,TRUE,FALSE,0.044878978,
OR2T2_OR2V1,OR2T2,OR2V1,2,TRUE,TRUE,0.086041033,0.098583095
OR2T2_OR2V2,OR2T2,OR2V2,2,TRUE,TRUE,0.087628335,0.095496759
OR2T2_OR2Z1,OR2T2,OR2Z1,2,TRUE,TRUE,0.09154547,0.092411235
OR2T33_OR2T34,OR2T33,OR2T34,1,TRUE,FALSE,0.090295881,
OR2T33_OR2T35,OR2T33,OR2T35,1,TRUE,FALSE,0.093048416,
OR2T33_OR2V1,OR2T33,OR2V1,2,TRUE,TRUE,0.095514759,0.102345318
OR2T33_OR2V2,OR2T33,OR2V2,2,TRUE,TRUE,0.091277808,0.096698791
OR2T33_OR2Z1,OR2T33,OR2Z1,2,TRUE,TRUE,0.089691818,0.092827901
OR2T34_OR2T35,OR2T34,OR2T35,1,TRUE,FALSE,0.093039982,
OR2T34_OR2V1,OR2T34,OR2V1,2,TRUE,TRUE,0.092554227,0.098879963
OR2T34_OR2V2,OR2T34,OR2V2,2,TRUE,TRUE,0.09052711,0.095828757
OR2T34_OR2Z1,OR2T34,OR2Z1,2,TRUE,TRUE,0.089300156,0.093026385
OR2T35_OR2V1,OR2T35,OR2V1,2,TRUE,TRUE,0.089559436,0.097963385
OR2T35_OR2V2,OR2T35,OR2V2,2,TRUE,TRUE,0.090035625,0.095497526
OR2T35_OR2Z1,OR2T35,OR2Z1,2,TRUE,TRUE,0.088484675,0.092828676
OR2T3_OR2T10,OR2T3,OR2T10,2,TRUE,TRUE,0.094559319,0.09850464
OR2T3_OR2T11,OR2T3,OR2T11,2,TRUE,TRUE,0.098259643,0.103759259
OR2T3_OR2T12,OR2T3,OR2T12,1,TRUE,FALSE,0.087362804,
OR2T3_OR2T27,OR2T3,OR2T27,1,TRUE,FALSE,0.090743214,
OR2T3_OR2T29,OR2T3,OR2T29,1,TRUE,FALSE,0.090778381,
OR2T3_OR2T33,OR2T3,OR2T33,1,TRUE,FALSE,0.087362804,
OR2T3_OR2T34,OR2T3,OR2T34,1,TRUE,FALSE,0.123658381,
OR2T3_OR2T35,OR2T3,OR2T35,1,TRUE,FALSE,0.091077715,
OR2T3_OR2T4,OR2T3,OR2T4,2,TRUE,TRUE,0.086487316,0.104738683
OR2T3_OR2T5,OR2T3,OR2T5,1,TRUE,FALSE,0.090062201,
OR2T3_OR2T6,OR2T3,OR2T6,2,TRUE,TRUE,0.086906053,0.097934127
OR2T3_OR2T8,OR2T3,OR2T8,1,TRUE,FALSE,0.044907123,
OR2T3_OR2V1,OR2T3,OR2V1,2,TRUE,TRUE,0.086426705,0.097473182
OR2T3_OR2V2,OR2T3,OR2V2,2,TRUE,TRUE,0.086042449,0.094213173
OR2T3_OR2Z1,OR2T3,OR2Z1,2,TRUE,TRUE,0.089308679,0.091656476
OR2T4_OR2T10,OR2T4,OR2T10,2,TRUE,TRUE,0.090614833,0.094660774
OR2T4_OR2T11,OR2T4,OR2T11,2,TRUE,TRUE,0.085641496,0.102601014
OR2T4_OR2T12,OR2T4,OR2T12,2,TRUE,TRUE,0.08932621,0.093928449
OR2T4_OR2T27,OR2T4,OR2T27,2,TRUE,TRUE,0.090941951,0.106664307
OR2T4_OR2T29,OR2T4,OR2T29,2,TRUE,TRUE,0.095635429,0.107801348
OR2T4_OR2T33,OR2T4,OR2T33,2,TRUE,TRUE,0.088909544,0.0898441
OR2T4_OR2T34,OR2T4,OR2T34,2,TRUE,TRUE,0.091031499,0.098009489
OR2T4_OR2T35,OR2T4,OR2T35,2,TRUE,TRUE,0.092303872,0.088898808
OR2T4_OR2T5,OR2T4,OR2T5,2,TRUE,TRUE,0.095635429,0.107801348
OR2T4_OR2T6,OR2T4,OR2T6,2,TRUE,TRUE,0.091904975,0.092742711
OR2T4_OR2T8,OR2T4,OR2T8,2,TRUE,TRUE,0.046547264,0.075858131
OR2T4_OR2V1,OR2T4,OR2V1,2,TRUE,TRUE,0.088785611,0.090575866
OR2T4_OR2V2,OR2T4,OR2V2,2,TRUE,TRUE,0.08911895,0.093066461
OR2T4_OR2Z1,OR2T4,OR2Z1,2,TRUE,TRUE,0.088357031,0.08850994
OR2T5_OR2T10,OR2T5,OR2T10,2,TRUE,TRUE,0.100689843,0.103772953
OR2T5_OR2T11,OR2T5,OR2T11,2,TRUE,TRUE,0.093066372,0.10437151
OR2T5_OR2T12,OR2T5,OR2T12,1,TRUE,FALSE,0.092214316,
OR2T5_OR2T27,OR2T5,OR2T27,1,TRUE,FALSE,0.093375497,
OR2T5_OR2T29,OR2T5,OR2T29,1,TRUE,FALSE,0.13236472,
OR2T5_OR2T33,OR2T5,OR2T33,1,TRUE,FALSE,0.092214316,
OR2T5_OR2T34,OR2T5,OR2T34,1,TRUE,FALSE,0.094689727,
OR2T5_OR2T35,OR2T5,OR2T35,1,TRUE,FALSE,0.096378125,
OR2T5_OR2T6,OR2T5,OR2T6,2,TRUE,TRUE,0.091387205,0.10074459
OR2T5_OR2T8,OR2T5,OR2T8,1,TRUE,FALSE,0.045238297,
OR2T5_OR2V1,OR2T5,OR2V1,2,TRUE,TRUE,0.093897596,0.103307322
OR2T5_OR2V2,OR2T5,OR2V2,2,TRUE,TRUE,0.093564257,0.100736991
OR2T5_OR2Z1,OR2T5,OR2Z1,2,TRUE,TRUE,0.088851072,0.095558718
OR2T6_OR2T10,OR2T6,OR2T10,2,TRUE,TRUE,0.093913205,0.096146867
OR2T6_OR2T11,OR2T6,OR2T11,2,TRUE,TRUE,0.090233967,0.107061982
OR2T6_OR2T12,OR2T6,OR2T12,2,TRUE,TRUE,0.088001356,0.090015456
OR2T6_OR2T27,OR2T6,OR2T27,2,TRUE,TRUE,0.093556061,0.102084816
OR2T6_OR2T29,OR2T6,OR2T29,2,TRUE,TRUE,0.091942757,0.100189038
OR2T6_OR2T33,OR2T6,OR2T33,2,TRUE,TRUE,0.089334689,0.090682127
OR2T6_OR2T34,OR2T6,OR2T34,2,TRUE,TRUE,0.090223573,0.09214396
OR2T6_OR2T35,OR2T6,OR2T35,2,TRUE,TRUE,0.091857173,0.096966229
OR2T6_OR2T8,OR2T6,OR2T8,2,TRUE,TRUE,0.045112371,0.078411952
OR2T6_OR2V1,OR2T6,OR2V1,2,TRUE,TRUE,0.089281656,0.092158236
OR2T6_OR2V2,OR2T6,OR2V2,2,TRUE,TRUE,0.089757845,0.094600014
OR2T6_OR2Z1,OR2T6,OR2Z1,2,TRUE,TRUE,0.090122588,0.088564321
OR2T8_OR2T10,OR2T8,OR2T10,2,TRUE,TRUE,0.054365136,0.071186416
OR2T8_OR2T11,OR2T8,OR2T11,2,TRUE,TRUE,0.051872216,0.072386689
OR2T8_OR2T12,OR2T8,OR2T12,1,TRUE,FALSE,0.060342643,
OR2T8_OR2T27,OR2T8,OR2T27,1,TRUE,FALSE,0.04750298,
OR2T8_OR2T29,OR2T8,OR2T29,1,TRUE,FALSE,0.045793854,
OR2T8_OR2T33,OR2T8,OR2T33,1,TRUE,FALSE,0.06337139,
OR2T8_OR2T34,OR2T8,OR2T34,1,TRUE,FALSE,0.046168946,
OR2T8_OR2T35,OR2T8,OR2T35,1,TRUE,FALSE,0.046391178,
OR2T8_OR2V1,OR2T8,OR2V1,2,TRUE,TRUE,0.048889223,0.064703502
OR2T8_OR2V2,OR2T8,OR2V2,2,TRUE,TRUE,0.046751644,0.068698674
OR2T8_OR2Z1,OR2T8,OR2Z1,2,TRUE,TRUE,0.050173834,0.056332208
OR2V1_OR2V2,OR2V1,OR2V2,2,TRUE,TRUE,0.11031387,0.108624205
OR2V1_OR2Z1,OR2V1,OR2Z1,2,TRUE,TRUE,0.091225132,0.095575988
OR2V2_OR2Z1,OR2V2,OR2Z1,2,TRUE,TRUE,0.089516133,0.089478254
OR2W1_OR2W3,OR2W1,OR2W3,2,TRUE,TRUE,0.000301511,0.008513864
OR2W1_OR2Y1,OR2W1,OR2Y1,2,TRUE,TRUE,0.041083179,0.064805523
OR2W3_OR2Y1,OR2W3,OR2Y1,2,TRUE,TRUE,4.10E-05,0.022810409
OR3A1_OR3A2,OR3A1,OR3A2,2,TRUE,TRUE,0.014854174,0.025787182
OR3A1_OR3A3,OR3A1,OR3A3,2,TRUE,TRUE,0.064638682,0.077306494
OR3A2_OR3A3,OR3A2,OR3A3,2,TRUE,TRUE,0.032768235,0.143145129
OR4A15_OR4A16,OR4A15,OR4A16,2,TRUE,TRUE,0.064928479,0.079346545
OR4A15_OR4A47,OR4A15,OR4A47,2,TRUE,TRUE,0.057332605,0.178009152
OR4A16_OR4A47,OR4A16,OR4A47,2,TRUE,TRUE,0.059611678,0.196688652
OR4A5_OR4A15,OR4A5,OR4A15,2,TRUE,TRUE,0.074709944,0.073831938
OR4A5_OR4A16,OR4A5,OR4A16,2,TRUE,TRUE,0.07471665,0.08711379
OR4A5_OR4A47,OR4A5,OR4A47,1,TRUE,FALSE,0.072361924,
OR4B1_OR4E1,OR4B1,OR4E1,2,TRUE,TRUE,0.070580147,0.167152688
OR4B1_OR4E2,OR4B1,OR4E2,2,TRUE,TRUE,0.040664516,0.138664946
OR4B1_OR4S1,OR4B1,OR4S1,2,TRUE,TRUE,0.08025828,0.273545593
OR4B1_OR4S2,OR4B1,OR4S2,2,TRUE,TRUE,0.070512138,0.154108822
OR4B1_OR4X1,OR4B1,OR4X1,2,TRUE,TRUE,0.070279665,0.289260268
OR4B1_OR4X2,OR4B1,OR4X2,2,TRUE,TRUE,0.082535699,0.268804997
OR4C11_OR4C16,OR4C11,OR4C16,2,TRUE,TRUE,0.095165692,0.077589631
OR4C12_OR4C13,OR4C12,OR4C13,2,TRUE,TRUE,0.151335582,0.089260519
OR4C12_OR4C46,OR4C12,OR4C46,1,TRUE,FALSE,0.160369948,
OR4C13_OR4C46,OR4C13,OR4C46,2,TRUE,TRUE,0.09381073,0.100769423
OR4C3_OR4C12,OR4C3,OR4C12,2,TRUE,TRUE,0.140358299,0.171815023
OR4C3_OR4C13,OR4C3,OR4C13,2,TRUE,TRUE,0.062714592,0.192024976
OR4C3_OR4C46,OR4C3,OR4C46,2,TRUE,TRUE,0.058118269,0.170604587
OR4C3_OR4C5,OR4C3,OR4C5,2,TRUE,TRUE,0.067634113,0.297104567
OR4C3_OR4C6,OR4C3,OR4C6,2,TRUE,TRUE,0.059748862,0.1480636
OR4C5_OR4C12,OR4C5,OR4C12,2,TRUE,TRUE,0.197640821,0.205833137
OR4C5_OR4C13,OR4C5,OR4C13,2,TRUE,TRUE,0.062199637,0.213257
OR4C5_OR4C46,OR4C5,OR4C46,2,TRUE,TRUE,0.061518684,0.207237899
OR4C5_OR4C6,OR4C5,OR4C6,2,TRUE,TRUE,0.06215835,0.180888027
OR4C6_OR4C12,OR4C6,OR4C12,2,TRUE,TRUE,0.152520999,0.080894604
OR4C6_OR4C13,OR4C6,OR4C13,2,TRUE,TRUE,0.073285237,0.063982069
OR4C6_OR4C46,OR4C6,OR4C46,2,TRUE,TRUE,0.070257932,0.080561273
OR4D10_OR4D11,OR4D10,OR4D11,2,TRUE,TRUE,0.07653673,0.097864479
OR4D10_OR4M1,OR4D10,OR4M1,2,TRUE,TRUE,0.051374778,0.0751459
OR4D10_OR4M2,OR4D10,OR4M2,2,TRUE,TRUE,0.103510186,0.121987224
OR4D10_OR4N2,OR4D10,OR4N2,2,TRUE,TRUE,0.05038147,0.061662279
OR4D10_OR4N4,OR4D10,OR4N4,2,TRUE,TRUE,0.070872016,0.107825525
OR4D10_OR4N5,OR4D10,OR4N5,2,TRUE,TRUE,0.045032315,0.052504577
OR4D11_OR4M1,OR4D11,OR4M1,2,TRUE,TRUE,0.048933402,0.080468871
OR4D11_OR4M2,OR4D11,OR4M2,2,TRUE,TRUE,0.145323798,0.110709287
OR4D11_OR4N2,OR4D11,OR4N2,2,TRUE,TRUE,0.046300046,0.074945979
OR4D11_OR4N4,OR4D11,OR4N4,2,TRUE,TRUE,0.102428012,0.096239664
OR4D11_OR4N5,OR4D11,OR4N5,2,TRUE,TRUE,0.045476981,0.059454262
OR4D1_OR4D10,OR4D1,OR4D10,2,TRUE,TRUE,0.05247853,0.080009677
OR4D1_OR4D11,OR4D1,OR4D11,2,TRUE,TRUE,0.04716409,0.079424933
OR4D1_OR4D2,OR4D1,OR4D2,2,TRUE,TRUE,0.050308581,0.063554861
OR4D1_OR4D5,OR4D1,OR4D5,2,TRUE,TRUE,0.044678681,0.040819194
OR4D1_OR4D6,OR4D1,OR4D6,2,TRUE,TRUE,0.046532471,0.043573454
OR4D1_OR4D9,OR4D1,OR4D9,2,TRUE,TRUE,0.046495311,0.074920669
OR4D1_OR4M1,OR4D1,OR4M1,2,TRUE,TRUE,0.050134458,0.076605782
OR4D1_OR4M2,OR4D1,OR4M2,2,TRUE,TRUE,0.114342004,0.137615278
OR4D1_OR4N2,OR4D1,OR4N2,2,TRUE,TRUE,0.049990676,0.078013495
OR4D1_OR4N4,OR4D1,OR4N4,2,TRUE,TRUE,0.073075652,0.117328614
OR4D1_OR4N5,OR4D1,OR4N5,2,TRUE,TRUE,0.044318892,0.057252653
OR4D2_OR4D10,OR4D2,OR4D10,2,TRUE,TRUE,0.049951494,0.05367272
OR4D2_OR4D11,OR4D2,OR4D11,2,TRUE,TRUE,0.048264064,0.063220866
OR4D2_OR4D5,OR4D2,OR4D5,2,TRUE,TRUE,0.043459211,0.043539308
OR4D2_OR4D6,OR4D2,OR4D6,2,TRUE,TRUE,0.04484655,0.045504555
OR4D2_OR4D9,OR4D2,OR4D9,2,TRUE,TRUE,0.046207484,0.06467323
OR4D2_OR4M1,OR4D2,OR4M1,2,TRUE,TRUE,0.049752112,0.056269202
OR4D2_OR4M2,OR4D2,OR4M2,2,TRUE,TRUE,0.128090218,0.061944384
OR4D2_OR4N2,OR4D2,OR4N2,2,TRUE,TRUE,0.050376106,0.062679499
OR4D2_OR4N4,OR4D2,OR4N4,2,TRUE,TRUE,0.098635957,0.02883262
OR4D2_OR4N5,OR4D2,OR4N5,2,TRUE,TRUE,0.043605208,0.059070397
OR4D5_OR4D10,OR4D5,OR4D10,2,TRUE,TRUE,0.061693378,0.047443766
OR4D5_OR4D11,OR4D5,OR4D11,2,TRUE,TRUE,0.058772653,0.050267771
OR4D5_OR4D6,OR4D5,OR4D6,2,TRUE,TRUE,0.059207935,0.046284933
OR4D5_OR4D9,OR4D5,OR4D9,2,TRUE,TRUE,0.060527958,0.05035878
OR4D5_OR4M1,OR4D5,OR4M1,2,TRUE,TRUE,0.050516333,0.049302291
OR4D5_OR4M2,OR4D5,OR4M2,2,TRUE,TRUE,0.098895952,0.046690978
OR4D5_OR4N2,OR4D5,OR4N2,2,TRUE,TRUE,0.046441417,0.045970492
OR4D5_OR4N4,OR4D5,OR4N4,2,TRUE,TRUE,0.049362861,0.006195105
OR4D5_OR4N5,OR4D5,OR4N5,2,TRUE,TRUE,0.04280673,0.046199866
OR4D6_OR4D10,OR4D6,OR4D10,2,TRUE,TRUE,0.06564793,0.045860395
OR4D6_OR4D11,OR4D6,OR4D11,2,TRUE,TRUE,0.06642995,0.043432791
OR4D6_OR4D9,OR4D6,OR4D9,2,TRUE,TRUE,0.07433366,0.046290651
OR4D6_OR4M1,OR4D6,OR4M1,2,TRUE,TRUE,0.04865953,0.052604176
OR4D6_OR4M2,OR4D6,OR4M2,2,TRUE,TRUE,0.119996935,0.049017169
OR4D6_OR4N2,OR4D6,OR4N2,2,TRUE,TRUE,0.046471916,0.040115979
OR4D6_OR4N4,OR4D6,OR4N4,2,TRUE,TRUE,0.068353079,0.005493736
OR4D6_OR4N5,OR4D6,OR4N5,2,TRUE,TRUE,0.042424582,0.046516426
OR4D9_OR4D10,OR4D9,OR4D10,2,TRUE,TRUE,0.070184723,0.083080456
OR4D9_OR4D11,OR4D9,OR4D11,2,TRUE,TRUE,0.073287867,0.089145392
OR4D9_OR4M1,OR4D9,OR4M1,2,TRUE,TRUE,0.049901653,0.081748784
OR4D9_OR4M2,OR4D9,OR4M2,2,TRUE,TRUE,0.147394523,0.11385224
OR4D9_OR4N2,OR4D9,OR4N2,2,TRUE,TRUE,0.045739755,0.073916942
OR4D9_OR4N4,OR4D9,OR4N4,2,TRUE,TRUE,0.114992581,0.096224263
OR4D9_OR4N5,OR4D9,OR4N5,2,TRUE,TRUE,0.044084489,0.062174186
OR4E1_OR4E2,OR4E1,OR4E2,2,TRUE,TRUE,0.092675887,0.053643126
OR4E1_OR4S1,OR4E1,OR4S1,2,TRUE,TRUE,0.076830141,0.163756996
OR4E1_OR4S2,OR4E1,OR4S2,1,TRUE,FALSE,0.092197992,
OR4E1_OR4X1,OR4E1,OR4X1,2,TRUE,TRUE,0.048463535,0.190670341
OR4E1_OR4X2,OR4E1,OR4X2,2,TRUE,TRUE,0.047090393,0.157230034
OR4E2_OR4S1,OR4E2,OR4S1,2,TRUE,TRUE,0.047594834,0.071223885
OR4E2_OR4S2,OR4E2,OR4S2,2,TRUE,TRUE,0.050838277,0.050030556
OR4E2_OR4X1,OR4E2,OR4X1,2,TRUE,TRUE,0.044259526,0.142756671
OR4E2_OR4X2,OR4E2,OR4X2,2,TRUE,TRUE,0.054676857,0.131162927
OR4F15_OR4F16,OR4F15,OR4F16,2,TRUE,TRUE,0.065183431,0.067613803
OR4F15_OR4F21,OR4F15,OR4F21,2,TRUE,TRUE,0.047870178,0.05655349
OR4F15_OR4F29,OR4F15,OR4F29,2,TRUE,TRUE,0.054718953,0.065312773
OR4F16_OR4F21,OR4F16,OR4F21,1,TRUE,FALSE,0.079481333,
OR4F16_OR4F29,OR4F16,OR4F29,1,TRUE,FALSE,0.088950038,
OR4F17_OR4K1,OR4F17,OR4K1,2,TRUE,TRUE,0.035118766,0.054041367
OR4F17_OR4K13,OR4F17,OR4K13,2,TRUE,TRUE,0.036900762,0.050052993
OR4F17_OR4K14,OR4F17,OR4K14,2,TRUE,TRUE,0.043465316,0.050526947
OR4F17_OR4K15,OR4F17,OR4K15,2,TRUE,TRUE,0.031340744,0.076993875
OR4F17_OR4K17,OR4F17,OR4K17,2,TRUE,TRUE,0.035516009,0.044534732
OR4F17_OR4K2,OR4F17,OR4K2,2,TRUE,TRUE,0.031884808,0.069921963
OR4F17_OR4K5,OR4F17,OR4K5,2,TRUE,TRUE,0.036366757,0.08171913
OR4F17_OR4L1,OR4F17,OR4L1,2,TRUE,TRUE,0.030667031,0.058124028
OR4F21_OR4F29,OR4F21,OR4F29,1,TRUE,FALSE,0.076617785,
OR4F3_OR4F15,OR4F3,OR4F15,2,TRUE,TRUE,0.044107668,0.06584014
OR4F3_OR4F16,OR4F3,OR4F16,1,TRUE,FALSE,0.083114147,
OR4F3_OR4F21,OR4F3,OR4F21,1,TRUE,FALSE,0.09242896,
OR4F3_OR4F29,OR4F3,OR4F29,1,TRUE,FALSE,0.063976459,
OR4F3_OR4F6,OR4F3,OR4F6,2,TRUE,TRUE,0.04314962,0.092293918
OR4F4_OR4F17,OR4F4,OR4F17,1,TRUE,FALSE,0.222012579,
OR4F4_OR4F5,OR4F4,OR4F5,1,TRUE,FALSE,0.263784558,
OR4F4_OR4K1,OR4F4,OR4K1,2,TRUE,TRUE,0.259274632,0.049145922
OR4F4_OR4K13,OR4F4,OR4K13,2,TRUE,TRUE,0.2539123,0.056527421
OR4F4_OR4K14,OR4F4,OR4K14,2,TRUE,TRUE,0.247248381,0.049250033
OR4F4_OR4K15,OR4F4,OR4K15,2,TRUE,TRUE,0.237152487,0.112939037
OR4F4_OR4K17,OR4F4,OR4K17,2,TRUE,TRUE,0.239230454,0.044213727
OR4F4_OR4K2,OR4F4,OR4K2,2,TRUE,TRUE,0.242960453,0.060755711
OR4F4_OR4K5,OR4F4,OR4K5,2,TRUE,TRUE,0.243722647,0.053452905
OR4F4_OR4L1,OR4F4,OR4L1,2,TRUE,TRUE,0.241694152,0.06191932
OR4F5_OR4F17,OR4F5,OR4F17,1,TRUE,FALSE,0.081609957,
OR4F5_OR4K1,OR4F5,OR4K1,2,TRUE,TRUE,0.048399109,0.051839236
OR4F5_OR4K13,OR4F5,OR4K13,2,TRUE,TRUE,0.041128829,0.047850862
OR4F5_OR4K14,OR4F5,OR4K14,2,TRUE,TRUE,0.040231079,0.048088122
OR4F5_OR4K15,OR4F5,OR4K15,2,TRUE,TRUE,0.040561344,0.091806524
OR4F5_OR4K17,OR4F5,OR4K17,2,TRUE,TRUE,0.039286636,0.042595904
OR4F5_OR4K2,OR4F5,OR4K2,2,TRUE,TRUE,0.046102554,0.068812422
OR4F5_OR4K5,OR4F5,OR4K5,2,TRUE,TRUE,0.046800964,0.079235248
OR4F5_OR4L1,OR4F5,OR4L1,2,TRUE,TRUE,0.034087569,0.055921897
OR4F6_OR4F15,OR4F6,OR4F15,2,TRUE,TRUE,0.051754903,0.081072517
OR4F6_OR4F16,OR4F6,OR4F16,2,TRUE,TRUE,0.052183636,0.064806059
OR4F6_OR4F21,OR4F6,OR4F21,2,TRUE,TRUE,0.044977322,0.085343041
OR4F6_OR4F29,OR4F6,OR4F29,2,TRUE,TRUE,0.039189395,0.059479285
OR4K13_OR4K14,OR4K13,OR4K14,2,TRUE,TRUE,0.048206374,0.049936283
OR4K13_OR4K15,OR4K13,OR4K15,2,TRUE,TRUE,0.046342999,0.049980782
OR4K13_OR4K17,OR4K13,OR4K17,2,TRUE,TRUE,0.043816783,0.043175213
OR4K13_OR4L1,OR4K13,OR4L1,2,TRUE,TRUE,0.044612437,0.045369588
OR4K14_OR4K15,OR4K14,OR4K15,2,TRUE,TRUE,0.042312518,0.050830521
OR4K14_OR4K17,OR4K14,OR4K17,2,TRUE,TRUE,0.042570017,0.043621641
OR4K14_OR4L1,OR4K14,OR4L1,2,TRUE,TRUE,0.044648688,0.055135164
OR4K15_OR4K17,OR4K15,OR4K17,2,TRUE,TRUE,0.046381403,0.047547203
OR4K15_OR4L1,OR4K15,OR4L1,2,TRUE,TRUE,0.043512426,0.044627808
OR4K17_OR4L1,OR4K17,OR4L1,2,TRUE,TRUE,0.042145558,0.043178931
OR4K1_OR4K13,OR4K1,OR4K13,2,TRUE,TRUE,0.048442096,0.047219045
OR4K1_OR4K14,OR4K1,OR4K14,2,TRUE,TRUE,0.047907755,0.051176
OR4K1_OR4K15,OR4K1,OR4K15,2,TRUE,TRUE,0.050855618,0.052875269
OR4K1_OR4K17,OR4K1,OR4K17,2,TRUE,TRUE,0.045473777,0.045053247
OR4K1_OR4K2,OR4K1,OR4K2,2,TRUE,TRUE,0.053270422,0.050730523
OR4K1_OR4K5,OR4K1,OR4K5,2,TRUE,TRUE,0.047786281,0.04560335
OR4K1_OR4L1,OR4K1,OR4L1,2,TRUE,TRUE,0.050811555,0.063061103
OR4K2_OR4K13,OR4K2,OR4K13,2,TRUE,TRUE,0.046853915,0.047090106
OR4K2_OR4K14,OR4K2,OR4K14,2,TRUE,TRUE,0.045514774,0.048973136
OR4K2_OR4K15,OR4K2,OR4K15,2,TRUE,TRUE,0.044424292,0.060619302
OR4K2_OR4K17,OR4K2,OR4K17,2,TRUE,TRUE,0.044224318,0.045947038
OR4K2_OR4K5,OR4K2,OR4K5,2,TRUE,TRUE,0.048878346,0.049133234
OR4K2_OR4L1,OR4K2,OR4L1,2,TRUE,TRUE,0.046561252,0.066659339
OR4K5_OR4K13,OR4K5,OR4K13,2,TRUE,TRUE,0.045157094,0.046661559
OR4K5_OR4K14,OR4K5,OR4K14,2,TRUE,TRUE,0.043808423,0.046719246
OR4K5_OR4K15,OR4K5,OR4K15,2,TRUE,TRUE,0.048031308,0.059995476
OR4K5_OR4K17,OR4K5,OR4K17,2,TRUE,TRUE,0.045836993,0.046136219
OR4K5_OR4L1,OR4K5,OR4L1,2,TRUE,TRUE,0.045274775,0.052281089
OR4M1_OR4M2,OR4M1,OR4M2,1,TRUE,FALSE,0.112522967,
OR4M1_OR4N2,OR4M1,OR4N2,2,TRUE,TRUE,0.052906312,0.07439357
OR4M1_OR4N4,OR4M1,OR4N4,1,TRUE,FALSE,0.038571835,
OR4M1_OR4N5,OR4M1,OR4N5,2,TRUE,TRUE,0.04862342,0.047382284
OR4M2_OR4N2,OR4M2,OR4N2,2,TRUE,TRUE,0.096511595,0.109103926
OR4M2_OR4N4,OR4M2,OR4N4,1,TRUE,FALSE,0.359410822,
OR4M2_OR4N5,OR4M2,OR4N5,2,TRUE,TRUE,0.089253478,0.053088564
OR4N2_OR4N4,OR4N2,OR4N4,2,TRUE,TRUE,0.041887559,0.106084637
OR4N2_OR4N5,OR4N2,OR4N5,2,TRUE,TRUE,0.058172695,0.054877475
OR4N4_OR4N5,OR4N4,OR4N5,2,TRUE,TRUE,0.039535526,0.028719559
OR4S1_OR4S2,OR4S1,OR4S2,2,TRUE,TRUE,0.066045918,0.093430795
OR4S1_OR4X1,OR4S1,OR4X1,2,TRUE,TRUE,0.064492673,0.26643011
OR4S1_OR4X2,OR4S1,OR4X2,2,TRUE,TRUE,0.071534477,0.270516098
OR4S2_OR4X1,OR4S2,OR4X1,2,TRUE,TRUE,0.058396272,0.173415855
OR4S2_OR4X2,OR4S2,OR4X2,2,TRUE,TRUE,0.077250808,0.151937082
OR4X1_OR4X2,OR4X1,OR4X2,2,TRUE,TRUE,0.076869935,0.273761302
OR51A2_OR51A4,OR51A2,OR51A4,2,TRUE,TRUE,0.089184672,0.13129814
OR51A2_OR51A7,OR51A2,OR51A7,2,TRUE,TRUE,0.058757756,0.074115381
OR51A4_OR51A7,OR51A4,OR51A7,2,TRUE,TRUE,0.059239417,0.076486371
OR51B2_OR51B4,OR51B2,OR51B4,2,TRUE,TRUE,0.05385923,0.062920906
OR51B2_OR51B5,OR51B2,OR51B5,2,TRUE,TRUE,0.061808068,0.092715763
OR51B2_OR51B6,OR51B2,OR51B6,2,TRUE,TRUE,0.061954163,0.089259028
OR51B2_OR51V1,OR51B2,OR51V1,2,TRUE,TRUE,0.048092034,0.093441688
OR51B4_OR51B5,OR51B4,OR51B5,2,TRUE,TRUE,0.056024179,0.072465718
OR51B4_OR51B6,OR51B4,OR51B6,2,TRUE,TRUE,0.055719372,0.05288513
OR51B4_OR51V1,OR51B4,OR51V1,2,TRUE,TRUE,0.043949727,0.040970135
OR51B5_OR51B6,OR51B5,OR51B6,2,TRUE,TRUE,0.068564199,0.096983947
OR51B5_OR51V1,OR51B5,OR51V1,2,TRUE,TRUE,0.044871595,0.079341151
OR51B6_OR51V1,OR51B6,OR51V1,2,TRUE,TRUE,0.048978463,0.051160417
OR51D1_OR51E1,OR51D1,OR51E1,2,TRUE,TRUE,0.001712537,0.01805656
OR51D1_OR51E2,OR51D1,OR51E2,2,TRUE,TRUE,0.000751056,0.011299683
OR51E1_OR51E2,OR51E1,OR51E2,2,TRUE,TRUE,0.00079972,0.005459997
OR51F1_OR51F2,OR51F1,OR51F2,2,TRUE,TRUE,0.048652716,0.057594273
OR51F1_OR51G1,OR51F1,OR51G1,2,TRUE,TRUE,0.060976766,0.058575861
OR51F1_OR51G2,OR51F1,OR51G2,2,TRUE,TRUE,0.058224373,0.052852087
OR51F1_OR51I1,OR51F1,OR51I1,2,TRUE,TRUE,0.050359152,0.055956557
OR51F1_OR51I2,OR51F1,OR51I2,2,TRUE,TRUE,0.045195207,0.053889524
OR51F1_OR51L1,OR51F1,OR51L1,2,TRUE,TRUE,0.049367715,0.055936191
OR51F1_OR51M1,OR51F1,OR51M1,2,TRUE,TRUE,0.050304394,0.063412473
OR51F1_OR51T1,OR51F1,OR51T1,2,TRUE,TRUE,0.046539258,0.056106064
OR51F2_OR51G1,OR51F2,OR51G1,2,TRUE,TRUE,0.054735575,0.056211188
OR51F2_OR51G2,OR51F2,OR51G2,2,TRUE,TRUE,0.045859057,0.051543247
OR51F2_OR51I1,OR51F2,OR51I1,2,TRUE,TRUE,0.045512468,0.06437391
OR51F2_OR51I2,OR51F2,OR51I2,2,TRUE,TRUE,0.047336247,0.053398479
OR51F2_OR51L1,OR51F2,OR51L1,2,TRUE,TRUE,0.048497412,0.053144135
OR51F2_OR51M1,OR51F2,OR51M1,2,TRUE,TRUE,0.051006351,0.065720215
OR51F2_OR51T1,OR51F2,OR51T1,2,TRUE,TRUE,0.048972361,0.066739231
OR51G1_OR51G2,OR51G1,OR51G2,2,TRUE,TRUE,0.083026014,0.054939337
OR51G1_OR51I1,OR51G1,OR51I1,2,TRUE,TRUE,0.075322434,0.060512371
OR51G1_OR51I2,OR51G1,OR51I2,2,TRUE,TRUE,0.052510571,0.055719662
OR51G1_OR51L1,OR51G1,OR51L1,2,TRUE,TRUE,0.056298535,0.054148704
OR51G1_OR51M1,OR51G1,OR51M1,2,TRUE,TRUE,0.061586626,0.067645736
OR51G1_OR51T1,OR51G1,OR51T1,2,TRUE,TRUE,0.053697847,0.05771536
OR51G2_OR51I1,OR51G2,OR51I1,2,TRUE,TRUE,0.04984897,0.062383693
OR51G2_OR51I2,OR51G2,OR51I2,2,TRUE,TRUE,0.044876117,0.055229656
OR51G2_OR51L1,OR51G2,OR51L1,2,TRUE,TRUE,0.042428628,0.05462249
OR51G2_OR51M1,OR51G2,OR51M1,2,TRUE,TRUE,0.044297151,0.052866329
OR51G2_OR51T1,OR51G2,OR51T1,2,TRUE,TRUE,0.044832472,0.049592014
OR51I1_OR51I2,OR51I1,OR51I2,2,TRUE,TRUE,0.052949958,0.061087172
OR51I1_OR51L1,OR51I1,OR51L1,2,TRUE,TRUE,0.04831817,0.055776134
OR51I1_OR51M1,OR51I1,OR51M1,2,TRUE,TRUE,0.047911238,0.063486442
OR51I1_OR51T1,OR51I1,OR51T1,2,TRUE,TRUE,0.044806793,0.06335748
OR51I2_OR51L1,OR51I2,OR51L1,2,TRUE,TRUE,0.049279001,0.056627408
OR51I2_OR51M1,OR51I2,OR51M1,2,TRUE,TRUE,0.049356252,0.052703295
OR51I2_OR51T1,OR51I2,OR51T1,2,TRUE,TRUE,0.047511116,0.052991334
OR51L1_OR51M1,OR51L1,OR51M1,2,TRUE,TRUE,0.05117102,0.054035425
OR51L1_OR51T1,OR51L1,OR51T1,2,TRUE,TRUE,0.048458397,0.050800107
OR51M1_OR51T1,OR51M1,OR51T1,2,TRUE,TRUE,0.049299754,0.065294191
OR52A1_OR52A5,OR52A1,OR52A5,2,TRUE,TRUE,0.072901919,0.078171767
OR52B2_OR52B4,OR52B2,OR52B4,2,TRUE,TRUE,0.046696093,0.05312952
OR52B2_OR52B6,OR52B2,OR52B6,2,TRUE,TRUE,0.046927422,0.052354235
OR52B2_OR52D1,OR52B2,OR52D1,2,TRUE,TRUE,0.043588363,0.046722341
OR52B2_OR52H1,OR52B2,OR52H1,2,TRUE,TRUE,0.048929989,0.058007345
OR52B4_OR52B6,OR52B4,OR52B6,2,TRUE,TRUE,0.05258191,0.058851093
OR52B4_OR52D1,OR52B4,OR52D1,2,TRUE,TRUE,0.045379985,0.050371118
OR52B4_OR52H1,OR52B4,OR52H1,2,TRUE,TRUE,0.046451446,0.052359577
OR52B6_OR52D1,OR52B6,OR52D1,2,TRUE,TRUE,0.048516098,0.050369762
OR52B6_OR52H1,OR52B6,OR52H1,2,TRUE,TRUE,0.049168553,0.051876545
OR52D1_OR52H1,OR52D1,OR52H1,2,TRUE,TRUE,0.050613873,0.052823585
OR52E2_OR52E4,OR52E2,OR52E4,2,TRUE,TRUE,0.054258674,0.055358328
OR52E2_OR52E5,OR52E2,OR52E5,2,TRUE,TRUE,0.056505643,0.058576457
OR52E2_OR52E6,OR52E2,OR52E6,2,TRUE,TRUE,0.050854903,0.051506642
OR52E2_OR52E8,OR52E2,OR52E8,2,TRUE,TRUE,0.049723364,0.054744426
OR52E2_OR52J3,OR52E2,OR52J3,2,TRUE,TRUE,0.051393062,0.05364649
OR52E4_OR52E5,OR52E4,OR52E5,2,TRUE,TRUE,0.05493775,0.052564651
OR52E4_OR52E6,OR52E4,OR52E6,2,TRUE,TRUE,0.056087837,0.054451499
OR52E4_OR52E8,OR52E4,OR52E8,2,TRUE,TRUE,0.053251803,0.053399138
OR52E4_OR52J3,OR52E4,OR52J3,2,TRUE,TRUE,0.053977456,0.056535535
OR52E5_OR52E6,OR52E5,OR52E6,2,TRUE,TRUE,0.051254254,0.103872038
OR52E5_OR52E8,OR52E5,OR52E8,1,TRUE,FALSE,0.049729194,
OR52E5_OR52J3,OR52E5,OR52J3,2,TRUE,TRUE,0.050427645,0.09109357
OR52E6_OR52E8,OR52E6,OR52E8,2,TRUE,TRUE,0.071465969,0.143710777
OR52E6_OR52J3,OR52E6,OR52J3,2,TRUE,TRUE,0.05097729,0.082071051
OR52E8_OR52J3,OR52E8,OR52J3,2,TRUE,TRUE,0.049007125,0.095440157
OR52I1_OR52I2,OR52I1,OR52I2,1,TRUE,FALSE,0.082686901,
OR52K1_OR52K2,OR52K1,OR52K2,2,TRUE,TRUE,0.065394595,0.076487742
OR52K1_OR52L1,OR52K1,OR52L1,2,TRUE,TRUE,0.039017063,0.045708101
OR52K1_OR52M1,OR52K1,OR52M1,2,TRUE,TRUE,0.045581266,0.05858428
OR52K1_OR52R1,OR52K1,OR52R1,2,TRUE,TRUE,0.070655465,0.056161888
OR52K2_OR52L1,OR52K2,OR52L1,2,TRUE,TRUE,0.044559732,0.042268235
OR52K2_OR52M1,OR52K2,OR52M1,2,TRUE,TRUE,0.051215187,0.056507498
OR52K2_OR52R1,OR52K2,OR52R1,2,TRUE,TRUE,0.063186347,0.056005143
OR52L1_OR52M1,OR52L1,OR52M1,2,TRUE,TRUE,0.048559826,0.051182397
OR52L1_OR52R1,OR52L1,OR52R1,2,TRUE,TRUE,0.04732747,0.051808652
OR52M1_OR52R1,OR52M1,OR52R1,2,TRUE,TRUE,0.053969909,0.055606332
OR52N1_OR52N2,OR52N1,OR52N2,2,TRUE,TRUE,0.026220618,0.034807567
OR52N1_OR52N4,OR52N1,OR52N4,2,TRUE,TRUE,0.000532937,0.051055752
OR52N1_OR52N5,OR52N1,OR52N5,2,TRUE,TRUE,0.053446107,0.05793469
OR52N2_OR52N4,OR52N2,OR52N4,2,TRUE,TRUE,0.002251105,0.022793259
OR52N2_OR52N5,OR52N2,OR52N5,2,TRUE,TRUE,0.015686447,0.021348506
OR52N4_OR52N5,OR52N4,OR52N5,2,TRUE,TRUE,0.000738195,0.038777567
OR56A1_OR56A3,OR56A1,OR56A3,2,TRUE,TRUE,0.055799354,0.060164612
OR56A1_OR56A4,OR56A1,OR56A4,2,TRUE,TRUE,0.051068995,0.052500021
OR56A1_OR56A5,OR56A1,OR56A5,2,TRUE,TRUE,0.056424871,0.06955786
OR56A1_OR56B1,OR56A1,OR56B1,2,TRUE,TRUE,0.013859944,0.04121409
OR56A1_OR56B4,OR56A1,OR56B4,2,TRUE,TRUE,0.047952492,0.065569706
OR56A3_OR56A4,OR56A3,OR56A4,2,TRUE,TRUE,0.049394451,0.054592889
OR56A3_OR56A5,OR56A3,OR56A5,2,TRUE,TRUE,0.054862279,0.057571929
OR56A3_OR56B1,OR56A3,OR56B1,2,TRUE,TRUE,0.010866039,0.016635122
OR56A3_OR56B4,OR56A3,OR56B4,2,TRUE,TRUE,0.043846298,0.053095501
OR56A4_OR56A5,OR56A4,OR56A5,2,TRUE,TRUE,0.05722468,0.060165446
OR56A4_OR56B1,OR56A4,OR56B1,2,TRUE,TRUE,0.010665243,0.015630893
OR56A4_OR56B4,OR56A4,OR56B4,2,TRUE,TRUE,0.043443125,0.048555374
OR56A5_OR56B1,OR56A5,OR56B1,2,TRUE,TRUE,0.012563647,0.041162785
OR56A5_OR56B4,OR56A5,OR56B4,2,TRUE,TRUE,0.046238549,0.052564275
OR56B1_OR56B4,OR56B1,OR56B4,2,TRUE,TRUE,0.01541391,0.034682885
OR5A1_OR5A2,OR5A1,OR5A2,2,TRUE,TRUE,0.061808273,0.082187675
OR5A1_OR5AN1,OR5A1,OR5AN1,2,TRUE,TRUE,0.061553638,0.055264499
OR5A2_OR5AN1,OR5A2,OR5AN1,2,TRUE,TRUE,0.058472309,0.060785353
OR5AC2_OR5H1,OR5AC2,OR5H1,2,TRUE,TRUE,0.259836227,0.062773317
OR5AC2_OR5H14,OR5AC2,OR5H14,2,TRUE,TRUE,0.169931546,0.067540988
OR5AC2_OR5H15,OR5AC2,OR5H15,2,TRUE,TRUE,0.304505855,0.061644219
OR5AC2_OR5H2,OR5AC2,OR5H2,2,TRUE,TRUE,0.20506072,0.063829608
OR5AC2_OR5H6,OR5AC2,OR5H6,2,TRUE,TRUE,0.241181165,0.058574196
OR5AC2_OR5K1,OR5AC2,OR5K1,2,TRUE,TRUE,0.277541846,0.08080294
OR5AC2_OR5K2,OR5AC2,OR5K2,2,TRUE,TRUE,0.200269625,0.033728141
OR5AC2_OR5K3,OR5AC2,OR5K3,2,TRUE,TRUE,0.298832178,0.068140566
OR5AC2_OR5K4,OR5AC2,OR5K4,2,TRUE,TRUE,0.28608793,0.068691142
OR5AP2_OR5AU1,OR5AP2,OR5AU1,2,TRUE,TRUE,0.050931081,0.049532808
OR5AP2_OR5F1,OR5AP2,OR5F1,2,TRUE,TRUE,0.070507497,0.043921009
OR5AR1_OR5AS1,OR5AR1,OR5AS1,2,TRUE,TRUE,0.070312105,0.062435366
OR5AR1_OR5C1,OR5AR1,OR5C1,2,TRUE,TRUE,0.046259664,0.145640656
OR5AR1_OR5T1,OR5AR1,OR5T1,2,TRUE,TRUE,0.069920771,0.048809171
OR5AR1_OR5T2,OR5AR1,OR5T2,2,TRUE,TRUE,0.069681786,0.061056625
OR5AR1_OR5T3,OR5AR1,OR5T3,2,TRUE,TRUE,0.069550082,0.062812582
OR5AR1_OR5W2,OR5AR1,OR5W2,2,TRUE,TRUE,0.08282882,0.081872731
OR5AS1_OR5C1,OR5AS1,OR5C1,2,TRUE,TRUE,0.042552229,0.109747447
OR5AS1_OR5T1,OR5AS1,OR5T1,2,TRUE,TRUE,0.069985367,0.041454297
OR5AS1_OR5T2,OR5AS1,OR5T2,2,TRUE,TRUE,0.060541846,0.053411391
OR5AS1_OR5T3,OR5AS1,OR5T3,2,TRUE,TRUE,0.06490843,0.057430767
OR5AS1_OR5W2,OR5AS1,OR5W2,2,TRUE,TRUE,0.06572476,0.055519089
OR5AU1_OR5F1,OR5AU1,OR5F1,2,TRUE,TRUE,0.0454298,0.04107229
OR5B12_OR5B17,OR5B12,OR5B17,2,TRUE,TRUE,0.07163734,0.064808823
OR5B12_OR5B21,OR5B12,OR5B21,2,TRUE,TRUE,0.063578829,0.050933156
OR5B17_OR5B21,OR5B17,OR5B21,2,TRUE,TRUE,0.062642358,0.046745114
OR5B2_OR5B12,OR5B2,OR5B12,2,TRUE,TRUE,0.064472675,0.062217623
OR5B2_OR5B17,OR5B2,OR5B17,2,TRUE,TRUE,0.064430311,0.051879752
OR5B2_OR5B21,OR5B2,OR5B21,2,TRUE,TRUE,0.075993523,0.057915654
OR5B2_OR5B3,OR5B2,OR5B3,2,TRUE,TRUE,0.069013074,0.067776389
OR5B3_OR5B12,OR5B3,OR5B12,2,TRUE,TRUE,0.087334849,0.08587712
OR5B3_OR5B17,OR5B3,OR5B17,2,TRUE,TRUE,0.071705431,0.055755951
OR5B3_OR5B21,OR5B3,OR5B21,2,TRUE,TRUE,0.064254649,0.050672472
OR5C1_OR5T1,OR5C1,OR5T1,2,TRUE,TRUE,0.042273685,0.124421477
OR5C1_OR5T2,OR5C1,OR5T2,2,TRUE,TRUE,0.043402478,0.12332917
OR5C1_OR5T3,OR5C1,OR5T3,2,TRUE,TRUE,0.043362714,0.118147865
OR5C1_OR5W2,OR5C1,OR5W2,2,TRUE,TRUE,0.045233212,0.11782518
OR5D13_OR5D14,OR5D13,OR5D14,2,TRUE,TRUE,0.084977232,0.080302902
OR5D13_OR5D16,OR5D13,OR5D16,2,TRUE,TRUE,0.07083834,0.103974856
OR5D13_OR5D18,OR5D13,OR5D18,2,TRUE,TRUE,0.081156462,0.101531379
OR5D13_OR5L1,OR5D13,OR5L1,2,TRUE,TRUE,0.075648993,0.068383127
OR5D13_OR5L2,OR5D13,OR5L2,2,TRUE,TRUE,0.075172916,0.073690347
OR5D14_OR5D16,OR5D14,OR5D16,2,TRUE,TRUE,0.064353526,0.057640631
OR5D14_OR5D18,OR5D14,OR5D18,2,TRUE,TRUE,0.069716439,0.056086726
OR5D14_OR5L1,OR5D14,OR5L1,2,TRUE,TRUE,0.075275883,0.069213606
OR5D14_OR5L2,OR5D14,OR5L2,2,TRUE,TRUE,0.068172887,0.046784438
OR5D16_OR5D18,OR5D16,OR5D18,2,TRUE,TRUE,0.068629324,0.08358968
OR5D16_OR5L1,OR5D16,OR5L1,2,TRUE,TRUE,0.071101941,0.065650821
OR5D16_OR5L2,OR5D16,OR5L2,2,TRUE,TRUE,0.062723055,0.053899888
OR5D18_OR5L1,OR5D18,OR5L1,2,TRUE,TRUE,0.07930278,0.069126345
OR5D18_OR5L2,OR5D18,OR5L2,2,TRUE,TRUE,0.070524089,0.050608911
OR5H14_OR5H15,OR5H14,OR5H15,1,TRUE,FALSE,0.282590985,
OR5H14_OR5K1,OR5H14,OR5K1,1,TRUE,FALSE,0.248772219,
OR5H14_OR5K2,OR5H14,OR5K2,1,TRUE,FALSE,0.179747,
OR5H14_OR5K3,OR5H14,OR5K3,1,TRUE,FALSE,0.2890338,
OR5H14_OR5K4,OR5H14,OR5K4,1,TRUE,FALSE,0.274357647,
OR5H15_OR5K1,OR5H15,OR5K1,1,TRUE,FALSE,0.364877522,
OR5H15_OR5K2,OR5H15,OR5K2,1,TRUE,FALSE,0.337657481,
OR5H15_OR5K3,OR5H15,OR5K3,1,TRUE,FALSE,0.364179075,
OR5H15_OR5K4,OR5H15,OR5K4,1,TRUE,FALSE,0.334013313,
OR5H1_OR5H14,OR5H1,OR5H14,1,TRUE,FALSE,0.237740099,
OR5H1_OR5H15,OR5H1,OR5H15,1,TRUE,FALSE,0.33386445,
OR5H1_OR5H2,OR5H1,OR5H2,2,TRUE,TRUE,0.298438579,0.052209821
OR5H1_OR5H6,OR5H1,OR5H6,1,TRUE,FALSE,0.316398174,
OR5H1_OR5K1,OR5H1,OR5K1,1,TRUE,FALSE,0.32736516,
OR5H1_OR5K2,OR5H1,OR5K2,1,TRUE,FALSE,0.290270001,
OR5H1_OR5K3,OR5H1,OR5K3,1,TRUE,FALSE,0.35075587,
OR5H1_OR5K4,OR5H1,OR5K4,1,TRUE,FALSE,0.328023434,
OR5H2_OR5H14,OR5H2,OR5H14,2,TRUE,TRUE,0.190588534,0.057604983
OR5H2_OR5H15,OR5H2,OR5H15,2,TRUE,TRUE,0.332694203,0.059931099
OR5H2_OR5H6,OR5H2,OR5H6,2,TRUE,TRUE,0.268607289,0.055094197
OR5H2_OR5K1,OR5H2,OR5K1,2,TRUE,TRUE,0.295161933,0.054080136
OR5H2_OR5K2,OR5H2,OR5K2,2,TRUE,TRUE,0.230878264,0.037071154
OR5H2_OR5K3,OR5H2,OR5K3,2,TRUE,TRUE,0.325241178,0.059639674
OR5H2_OR5K4,OR5H2,OR5K4,2,TRUE,TRUE,0.301208854,0.055099316
OR5H6_OR5H14,OR5H6,OR5H14,1,TRUE,FALSE,0.223226652,
OR5H6_OR5H15,OR5H6,OR5H15,1,TRUE,FALSE,0.357457161,
OR5H6_OR5K1,OR5H6,OR5K1,1,TRUE,FALSE,0.326429665,
OR5H6_OR5K2,OR5H6,OR5K2,1,TRUE,FALSE,0.275841713,
OR5H6_OR5K3,OR5H6,OR5K3,1,TRUE,FALSE,0.35875085,
OR5H6_OR5K4,OR5H6,OR5K4,1,TRUE,FALSE,0.335016727,
OR5K1_OR5K2,OR5K1,OR5K2,1,TRUE,FALSE,0.266739309,
OR5K1_OR5K3,OR5K1,OR5K3,1,TRUE,FALSE,0.36378172,
OR5K1_OR5K4,OR5K1,OR5K4,1,TRUE,FALSE,0.34005481,
OR5K2_OR5K3,OR5K2,OR5K3,1,TRUE,FALSE,0.334221333,
OR5K2_OR5K4,OR5K2,OR5K4,1,TRUE,FALSE,0.321416289,
OR5K3_OR5K4,OR5K3,OR5K4,1,TRUE,FALSE,0.312756449,
OR5L1_OR5L2,OR5L1,OR5L2,2,TRUE,TRUE,0.121608675,0.083249338
OR5M10_OR5M11,OR5M10,OR5M11,2,TRUE,TRUE,0.065521233,0.053259078
OR5M1_OR5M10,OR5M1,OR5M10,1,TRUE,FALSE,0.122931741,
OR5M1_OR5M11,OR5M1,OR5M11,2,TRUE,TRUE,0.06401398,0.050904334
OR5M1_OR5M3,OR5M1,OR5M3,2,TRUE,TRUE,0.061965838,0.082477719
OR5M1_OR5M8,OR5M1,OR5M8,2,TRUE,TRUE,0.065499574,0.076067038
OR5M1_OR5M9,OR5M1,OR5M9,2,TRUE,TRUE,0.062377114,0.047805578
OR5M3_OR5M10,OR5M3,OR5M10,2,TRUE,TRUE,0.065485343,0.069548763
OR5M3_OR5M11,OR5M3,OR5M11,2,TRUE,TRUE,0.069738656,0.054810066
OR5M3_OR5M8,OR5M3,OR5M8,2,TRUE,TRUE,0.068673633,0.067708656
OR5M3_OR5M9,OR5M3,OR5M9,2,TRUE,TRUE,0.070887633,0.052112993
OR5M8_OR5M10,OR5M8,OR5M10,2,TRUE,TRUE,0.069863647,0.074691162
OR5M8_OR5M11,OR5M8,OR5M11,2,TRUE,TRUE,0.06802433,0.055628669
OR5M8_OR5M9,OR5M8,OR5M9,2,TRUE,TRUE,0.06951537,0.059431348
OR5M9_OR5M10,OR5M9,OR5M10,2,TRUE,TRUE,0.062424868,0.048472811
OR5M9_OR5M11,OR5M9,OR5M11,2,TRUE,TRUE,0.062162288,0.048869729
OR5P2_OR5P3,OR5P2,OR5P3,2,TRUE,TRUE,0.070168748,0.070998326
OR5T1_OR5T2,OR5T1,OR5T2,2,TRUE,TRUE,0.064641967,0.049996089
OR5T1_OR5T3,OR5T1,OR5T3,2,TRUE,TRUE,0.071357518,0.053034838
OR5T1_OR5W2,OR5T1,OR5W2,2,TRUE,TRUE,0.06066836,0.046872571
OR5T2_OR5T3,OR5T2,OR5T3,2,TRUE,TRUE,0.070753708,0.072386958
OR5T2_OR5W2,OR5T2,OR5W2,2,TRUE,TRUE,0.059738901,0.054475237
OR5T3_OR5W2,OR5T3,OR5W2,2,TRUE,TRUE,0.062494375,0.064289562
OR6A2_OR11L1,OR6A2,OR11L1,2,TRUE,TRUE,0.045690168,0.048891645
OR6A2_OR6B1,OR6A2,OR6B1,2,TRUE,TRUE,0.038395379,0.046084151
OR6A2_OR6B2,OR6A2,OR6B2,2,TRUE,TRUE,0.031467959,0.022480231
OR6A2_OR6B3,OR6A2,OR6B3,2,TRUE,TRUE,0.022005387,0.004899764
OR6A2_OR6P1,OR6A2,OR6P1,2,TRUE,TRUE,0.04270241,0.047507226
OR6A2_OR6Q1,OR6A2,OR6Q1,2,TRUE,TRUE,0.043886341,0.050817527
OR6A2_OR6Y1,OR6A2,OR6Y1,2,TRUE,TRUE,0.042541977,0.055923373
OR6B1_OR11L1,OR6B1,OR11L1,2,TRUE,TRUE,0.045018796,0.049815975
OR6B1_OR6B2,OR6B1,OR6B2,2,TRUE,TRUE,0.105799757,0.016737025
OR6B1_OR6B3,OR6B1,OR6B3,2,TRUE,TRUE,0.092322558,0.010453263
OR6B1_OR6P1,OR6B1,OR6P1,2,TRUE,TRUE,0.041518725,0.048814189
OR6B1_OR6Q1,OR6B1,OR6Q1,2,TRUE,TRUE,0.088562913,0.051107235
OR6B1_OR6Y1,OR6B1,OR6Y1,2,TRUE,TRUE,0.03992277,0.049603984
OR6B2_OR11L1,OR6B2,OR11L1,2,TRUE,TRUE,0.032336477,0.016504623
OR6B2_OR6B3,OR6B2,OR6B3,2,TRUE,TRUE,0.123965614,0.028585194
OR6B2_OR6P1,OR6B2,OR6P1,2,TRUE,TRUE,0.07476566,0.023364177
OR6B2_OR6Q1,OR6B2,OR6Q1,2,TRUE,TRUE,0.169831768,0.038460854
OR6B2_OR6Y1,OR6B2,OR6Y1,2,TRUE,TRUE,0.042700619,0.031583823
OR6B3_OR11L1,OR6B3,OR11L1,2,TRUE,TRUE,0.021152871,0.00051759
OR6B3_OR6P1,OR6B3,OR6P1,2,TRUE,TRUE,0.033625875,0.003105453
OR6B3_OR6Q1,OR6B3,OR6Q1,2,TRUE,TRUE,0.15883185,0.016122848
OR6B3_OR6Y1,OR6B3,OR6Y1,2,TRUE,TRUE,0.037189174,0.016907454
OR6C1_OR6C3,OR6C1,OR6C3,2,TRUE,TRUE,0.054522928,0.089726038
OR6C1_OR6C4,OR6C1,OR6C4,2,TRUE,TRUE,0.045029927,0.079693332
OR6C1_OR6C6,OR6C1,OR6C6,2,TRUE,TRUE,0.043340154,0.114954971
OR6C1_OR6C65,OR6C1,OR6C65,2,TRUE,TRUE,0.047518063,0.13480787
OR6C1_OR6C70,OR6C1,OR6C70,2,TRUE,TRUE,0.049056981,0.133846402
OR6C1_OR6C74,OR6C1,OR6C74,2,TRUE,TRUE,0.051407032,0.140749201
OR6C1_OR6C75,OR6C1,OR6C75,2,TRUE,TRUE,0.052731644,0.099563196
OR6C1_OR6C76,OR6C1,OR6C76,2,TRUE,TRUE,0.052518141,0.138707295
OR6C2_OR6C68,OR6C2,OR6C68,2,TRUE,TRUE,0.063426353,0.130037978
OR6C3_OR6C4,OR6C3,OR6C4,2,TRUE,TRUE,0.048668269,0.079866663
OR6C3_OR6C6,OR6C3,OR6C6,2,TRUE,TRUE,0.044841088,0.087530673
OR6C3_OR6C65,OR6C3,OR6C65,2,TRUE,TRUE,0.04334525,0.082406484
OR6C3_OR6C70,OR6C3,OR6C70,2,TRUE,TRUE,0.049624667,0.081956357
OR6C3_OR6C74,OR6C3,OR6C74,2,TRUE,TRUE,0.049232446,0.090851068
OR6C3_OR6C75,OR6C3,OR6C75,2,TRUE,TRUE,0.048327662,0.085826948
OR6C3_OR6C76,OR6C3,OR6C76,2,TRUE,TRUE,0.048836384,0.088656783
OR6C4_OR6C6,OR6C4,OR6C6,2,TRUE,TRUE,0.041964103,0.087011106
OR6C4_OR6C65,OR6C4,OR6C65,2,TRUE,TRUE,0.043195024,0.080645047
OR6C4_OR6C70,OR6C4,OR6C70,2,TRUE,TRUE,0.043916117,0.077783786
OR6C4_OR6C74,OR6C4,OR6C74,2,TRUE,TRUE,0.048262876,0.08682701
OR6C4_OR6C75,OR6C4,OR6C75,2,TRUE,TRUE,0.048795823,0.081066974
OR6C4_OR6C76,OR6C4,OR6C76,2,TRUE,TRUE,0.048262876,0.081653416
OR6C65_OR6C70,OR6C65,OR6C70,2,TRUE,TRUE,0.05003038,0.13233605
OR6C65_OR6C74,OR6C65,OR6C74,2,TRUE,TRUE,0.049056567,0.148020685
OR6C65_OR6C75,OR6C65,OR6C75,2,TRUE,TRUE,0.054321658,0.104877003
OR6C65_OR6C76,OR6C65,OR6C76,2,TRUE,TRUE,0.054047689,0.145534143
OR6C6_OR6C65,OR6C6,OR6C65,2,TRUE,TRUE,0.045690667,0.125256494
OR6C6_OR6C70,OR6C6,OR6C70,2,TRUE,TRUE,0.050678957,0.125372425
OR6C6_OR6C74,OR6C6,OR6C74,2,TRUE,TRUE,0.04546199,0.13535279
OR6C6_OR6C75,OR6C6,OR6C75,2,TRUE,TRUE,0.047106046,0.096132204
OR6C6_OR6C76,OR6C6,OR6C76,2,TRUE,TRUE,0.046573102,0.132544577
OR6C70_OR6C74,OR6C70,OR6C74,2,TRUE,TRUE,0.050173409,0.137165919
OR6C70_OR6C75,OR6C70,OR6C75,2,TRUE,TRUE,0.050546404,0.099784292
OR6C70_OR6C76,OR6C70,OR6C76,2,TRUE,TRUE,0.05047179,0.137079746
OR6C74_OR6C75,OR6C74,OR6C75,2,TRUE,TRUE,0.054132514,0.105425499
OR6C74_OR6C76,OR6C74,OR6C76,2,TRUE,TRUE,0.053425342,0.150986433
OR6C75_OR6C76,OR6C75,OR6C76,2,TRUE,TRUE,0.054661576,0.10176117
OR6F1_OR6J1,OR6F1,OR6J1,2,TRUE,TRUE,0.042023767,0.041702103
OR6F1_OR6M1,OR6F1,OR6M1,2,TRUE,TRUE,0.046867404,0.049377177
OR6F1_OR6S1,OR6F1,OR6S1,2,TRUE,TRUE,0.044275615,0.046613447
OR6F1_OR6T1,OR6F1,OR6T1,2,TRUE,TRUE,0.046608802,0.051098742
OR6F1_OR6V1,OR6F1,OR6V1,2,TRUE,TRUE,0.044914156,0.044125319
OR6F1_OR6X1,OR6F1,OR6X1,2,TRUE,TRUE,0.04494936,0.044648618
OR6F1_OR9A2,OR6F1,OR9A2,2,TRUE,TRUE,0.044547476,0.050277799
OR6F1_OR9A4,OR6F1,OR9A4,2,TRUE,TRUE,0.043248173,0.043648493
OR6J1_OR6M1,OR6J1,OR6M1,2,TRUE,TRUE,0.044431668,0.052391738
OR6J1_OR6S1,OR6J1,OR6S1,2,TRUE,TRUE,0.056210671,0.050850488
OR6J1_OR6T1,OR6J1,OR6T1,2,TRUE,TRUE,0.041701719,0.04888545
OR6J1_OR6V1,OR6J1,OR6V1,2,TRUE,TRUE,0.048309427,0.044153295
OR6J1_OR6X1,OR6J1,OR6X1,2,TRUE,TRUE,0.042189974,0.043586649
OR6J1_OR9A2,OR6J1,OR9A2,2,TRUE,TRUE,0.041575003,0.048350498
OR6J1_OR9A4,OR6J1,OR9A4,2,TRUE,TRUE,0.041934811,0.04876589
OR6K2_OR6K3,OR6K2,OR6K3,2,TRUE,TRUE,0.045072466,0.048326626
OR6K2_OR6K6,OR6K2,OR6K6,2,TRUE,TRUE,0.042137224,0.067831777
OR6K2_OR6N1,OR6K2,OR6N1,2,TRUE,TRUE,0.042236201,0.047463369
OR6K2_OR6N2,OR6K2,OR6N2,2,TRUE,TRUE,0.04283772,0.048435591
OR6K3_OR6K6,OR6K3,OR6K6,2,TRUE,TRUE,0.052200593,0.071087122
OR6K3_OR6N1,OR6K3,OR6N1,2,TRUE,TRUE,0.049352292,0.052584894
OR6K3_OR6N2,OR6K3,OR6N2,2,TRUE,TRUE,0.048215523,0.05356241
OR6K6_OR6N1,OR6K6,OR6N1,2,TRUE,TRUE,0.044790145,0.065552525
OR6K6_OR6N2,OR6K6,OR6N2,2,TRUE,TRUE,0.04127302,0.064258307
OR6M1_OR6S1,OR6M1,OR6S1,2,TRUE,TRUE,0.060382161,0.059635397
OR6M1_OR6T1,OR6M1,OR6T1,2,TRUE,TRUE,0.059257939,0.053124838
OR6M1_OR6V1,OR6M1,OR6V1,2,TRUE,TRUE,0.0690616,0.058232594
OR6M1_OR6X1,OR6M1,OR6X1,2,TRUE,TRUE,0.066279188,0.05816678
OR6M1_OR9A2,OR6M1,OR9A2,2,TRUE,TRUE,0.057852197,0.054157883
OR6M1_OR9A4,OR6M1,OR9A4,2,TRUE,TRUE,0.067275256,0.077425569
OR6N1_OR6N2,OR6N1,OR6N2,2,TRUE,TRUE,0.051764976,0.05456103
OR6P1_OR11L1,OR6P1,OR11L1,2,TRUE,TRUE,0.045072079,0.047910701
OR6P1_OR6Q1,OR6P1,OR6Q1,2,TRUE,TRUE,0.065271094,0.061652929
OR6P1_OR6Y1,OR6P1,OR6Y1,2,TRUE,TRUE,0.045371242,0.050150678
OR6Q1_OR11L1,OR6Q1,OR11L1,2,TRUE,TRUE,0.050477386,0.049008895
OR6Q1_OR6Y1,OR6Q1,OR6Y1,2,TRUE,TRUE,0.047263142,0.053112939
OR6S1_OR6T1,OR6S1,OR6T1,2,TRUE,TRUE,0.048326008,0.051401675
OR6S1_OR6V1,OR6S1,OR6V1,2,TRUE,TRUE,0.066572361,0.046344388
OR6S1_OR6X1,OR6S1,OR6X1,2,TRUE,TRUE,0.059550263,0.050001811
OR6S1_OR9A2,OR6S1,OR9A2,2,TRUE,TRUE,0.057848267,0.051249232
OR6S1_OR9A4,OR6S1,OR9A4,2,TRUE,TRUE,0.042691961,0.055271674
OR6T1_OR6V1,OR6T1,OR6V1,2,TRUE,TRUE,0.063534059,0.052578975
OR6T1_OR6X1,OR6T1,OR6X1,2,TRUE,TRUE,0.061513379,0.050057992
OR6T1_OR9A2,OR6T1,OR9A2,2,TRUE,TRUE,0.061031129,0.051407319
OR6T1_OR9A4,OR6T1,OR9A4,2,TRUE,TRUE,0.06099439,0.048947446
OR6V1_OR6X1,OR6V1,OR6X1,2,TRUE,TRUE,0.062799372,0.050993823
OR6V1_OR9A2,OR6V1,OR9A2,2,TRUE,TRUE,0.067948893,0.053401314
OR6V1_OR9A4,OR6V1,OR9A4,2,TRUE,TRUE,0.065980978,0.051988371
OR6X1_OR9A2,OR6X1,OR9A2,2,TRUE,TRUE,0.065037549,0.053307716
OR6X1_OR9A4,OR6X1,OR9A4,2,TRUE,TRUE,0.061246581,0.053564485
OR6Y1_OR11L1,OR6Y1,OR11L1,2,TRUE,TRUE,0.044065047,0.048599627
OR7A10_OR7A17,OR7A10,OR7A17,1,TRUE,FALSE,0.078978889,
OR7A10_OR7C1,OR7A10,OR7C1,2,TRUE,TRUE,0.010652735,0.088316917
OR7A10_OR7C2,OR7A10,OR7C2,2,TRUE,TRUE,0.063440971,0.060379095
OR7A10_OR7D2,OR7A10,OR7D2,2,TRUE,TRUE,0.012342943,0.020263892
OR7A10_OR7D4,OR7A10,OR7D4,2,TRUE,TRUE,0.067591235,0.071299464
OR7A17_OR7C1,OR7A17,OR7C1,2,TRUE,TRUE,0.009744139,0.080623247
OR7A17_OR7C2,OR7A17,OR7C2,2,TRUE,TRUE,0.062137894,0.062119916
OR7A17_OR7D2,OR7A17,OR7D2,2,TRUE,TRUE,0.012151535,0.017437356
OR7A17_OR7D4,OR7A17,OR7D4,2,TRUE,TRUE,0.065658778,0.073180832
OR7A5_OR7A10,OR7A5,OR7A10,2,TRUE,TRUE,0.012984704,0.103529103
OR7A5_OR7A17,OR7A5,OR7A17,2,TRUE,TRUE,0.011380994,0.098284587
OR7A5_OR7C1,OR7A5,OR7C1,2,TRUE,TRUE,0.009188978,0.091829561
OR7A5_OR7C2,OR7A5,OR7C2,2,TRUE,TRUE,0.016124088,0.059156664
OR7A5_OR7D2,OR7A5,OR7D2,2,TRUE,TRUE,0.001723281,0.024692504
OR7A5_OR7D4,OR7A5,OR7D4,2,TRUE,TRUE,0.006830812,0.021553954
OR7C1_OR7C2,OR7C1,OR7C2,2,TRUE,TRUE,0.013043493,0.055398017
OR7C1_OR7D2,OR7C1,OR7D2,2,TRUE,TRUE,0.000736511,0.022825575
OR7C1_OR7D4,OR7C1,OR7D4,2,TRUE,TRUE,0.005674606,0.025491968
OR7C2_OR7D2,OR7C2,OR7D2,2,TRUE,TRUE,0.007445266,0.01702228
OR7C2_OR7D4,OR7C2,OR7D4,2,TRUE,TRUE,0.067351967,0.064012162
OR7D2_OR7D4,OR7D2,OR7D4,2,TRUE,TRUE,0.015885381,0.012739134
OR7G1_OR7G2,OR7G1,OR7G2,2,TRUE,TRUE,0.06202431,0.054541271
OR7G1_OR7G3,OR7G1,OR7G3,2,TRUE,TRUE,0.070400804,0.055875249
OR7G2_OR7G3,OR7G2,OR7G3,2,TRUE,TRUE,0.065555587,0.051192909
OR8A1_OR8D1,OR8A1,OR8D1,2,TRUE,TRUE,0.059047781,0.055935971
OR8A1_OR8D2,OR8A1,OR8D2,2,TRUE,TRUE,0.066947155,0.053746324
OR8A1_OR8D4,OR8A1,OR8D4,2,TRUE,TRUE,0.059511922,0.05022845
OR8B2_OR8B12,OR8B2,OR8B12,2,TRUE,TRUE,0.072480932,0.083155617
OR8B2_OR8B3,OR8B2,OR8B3,1,TRUE,FALSE,0.03850951,
OR8B2_OR8B8,OR8B2,OR8B8,2,TRUE,TRUE,0.015470992,0.009590223
OR8B3_OR8B12,OR8B3,OR8B12,2,TRUE,TRUE,0.070498832,0.097810104
OR8B3_OR8B8,OR8B3,OR8B8,2,TRUE,TRUE,0.014922986,0.010494984
OR8B8_OR8B12,OR8B8,OR8B12,2,TRUE,TRUE,0.069697663,0.061948396
OR8D1_OR8D2,OR8D1,OR8D2,2,TRUE,TRUE,0.075572625,0.086170375
OR8D1_OR8D4,OR8D1,OR8D4,2,TRUE,TRUE,0.062471095,0.06198464
OR8D2_OR8D4,OR8D2,OR8D4,2,TRUE,TRUE,0.070659459,0.070547126
OR8G1_OR8G5,OR8G1,OR8G5,1,TRUE,FALSE,0.03800714,
OR8H1_OR8H2,OR8H1,OR8H2,1,TRUE,FALSE,0.087841131,
OR8H1_OR8H3,OR8H1,OR8H3,1,TRUE,FALSE,0.091990143,
OR8H1_OR8I2,OR8H1,OR8I2,2,TRUE,TRUE,0.070287317,0.08731553
OR8H2_OR8H3,OR8H2,OR8H3,1,TRUE,FALSE,0.125395223,
OR8H2_OR8I2,OR8H2,OR8I2,2,TRUE,TRUE,0.072056577,0.086207785
OR8H3_OR8I2,OR8H3,OR8I2,2,TRUE,TRUE,0.069489703,0.089415461
OR8J1_OR8J3,OR8J1,OR8J3,2,TRUE,TRUE,0.098539047,0.066644005
OR8J1_OR8U1,OR8J1,OR8U1,2,TRUE,TRUE,0.082372285,0.061478801
OR8J1_OR8U3,OR8J1,OR8U3,2,TRUE,TRUE,0.089252368,0.059933882
OR8J3_OR8U1,OR8J3,OR8U1,2,TRUE,TRUE,0.065348342,0.057228293
OR8J3_OR8U3,OR8J3,OR8U3,2,TRUE,TRUE,0.069118954,0.049355965
OR8K1_OR8K3,OR8K1,OR8K3,2,TRUE,TRUE,0.074889176,0.07461457
OR8K1_OR8K5,OR8K1,OR8K5,2,TRUE,TRUE,0.070112079,0.058936719
OR8K3_OR8K5,OR8K3,OR8K5,2,TRUE,TRUE,0.081642784,0.105176099
OR8U1_OR8U3,OR8U1,OR8U3,2,TRUE,TRUE,0.070296735,0.054909103
OR9A2_OR9A4,OR9A2,OR9A4,2,TRUE,TRUE,0.073141992,0.057158791
OR9G1_OR9G4,OR9G1,OR9G4,2,TRUE,TRUE,0.07379017,0.060683422
OR9I1_OR9Q1,OR9I1,OR9Q1,2,TRUE,TRUE,0.065652423,0.049980462
OR9I1_OR9Q2,OR9I1,OR9Q2,2,TRUE,TRUE,0.072013907,0.056411918
OR9Q1_OR9Q2,OR9Q1,OR9Q2,2,TRUE,TRUE,0.068765379,0.058743093
OVCH1_OVCH2,OVCH1,OVCH2,2,TRUE,TRUE,0.001833006,0.003261172
OVCH1_PRSS56,OVCH1,PRSS56,2,TRUE,TRUE,0.00350741,0.003077303
PABPC1L2A_PABPC1L2B,PABPC1L2A,PABPC1L2B,1,TRUE,FALSE,0.135399818,
PABPC1L2A_PABPC4L,PABPC1L2A,PABPC4L,2,TRUE,TRUE,0.059580181,0.070870653
PABPC1L2B_PABPC4L,PABPC1L2B,PABPC4L,2,TRUE,TRUE,0.061921727,0.071485922
PGA3_PGA4,PGA3,PGA4,1,TRUE,FALSE,0.035307121,
PGA3_PGA5,PGA3,PGA5,2,TRUE,TRUE,0.035932403,0.151902452
PGA4_PGA5,PGA4,PGA5,2,TRUE,TRUE,0.032053888,0.115597084
PLGLB1_PLGLB2,PLGLB1,PLGLB2,1,TRUE,FALSE,0.036352854,
POLR2J_POLR2J2,POLR2J,POLR2J2,1,TRUE,FALSE,0.19081894,
POTEB2_POTEB3,POTEB2,POTEB3,1,TRUE,FALSE,0.534344316,
POTEB2_POTEF,POTEB2,POTEF,1,TRUE,FALSE,0.328076452,
POTEB2_POTEG,POTEB2,POTEG,1,TRUE,FALSE,0.2696428,
POTEB2_POTEH,POTEB2,POTEH,1,TRUE,FALSE,0.255108744,
POTEB2_POTEJ,POTEB2,POTEJ,1,TRUE,FALSE,0.267804801,
POTEB2_POTEM,POTEB2,POTEM,1,TRUE,FALSE,0.235233128,
POTEB3_POTEF,POTEB3,POTEF,1,TRUE,FALSE,0.294054508,
POTEB3_POTEG,POTEB3,POTEG,1,TRUE,FALSE,0.288229585,
POTEB3_POTEH,POTEB3,POTEH,1,TRUE,FALSE,0.271336406,
POTEB3_POTEJ,POTEB3,POTEJ,1,TRUE,FALSE,0.25363493,
POTEB3_POTEM,POTEB3,POTEM,1,TRUE,FALSE,0.273225784,
POTEB_POTEB2,POTEB,POTEB2,1,TRUE,FALSE,0.373296708,
POTEB_POTEB3,POTEB,POTEB3,1,TRUE,FALSE,0.427922726,
POTEB_POTEF,POTEB,POTEF,1,TRUE,FALSE,0.353074431,
POTEB_POTEG,POTEB,POTEG,1,TRUE,FALSE,0.230927736,
POTEB_POTEH,POTEB,POTEH,1,TRUE,FALSE,0.234163314,
POTEB_POTEJ,POTEB,POTEJ,1,TRUE,FALSE,0.291082382,
POTEB_POTEM,POTEB,POTEM,1,TRUE,FALSE,0.218785167,
POTEF_POTEG,POTEF,POTEG,1,TRUE,FALSE,0.180050716,
POTEF_POTEH,POTEF,POTEH,1,TRUE,FALSE,0.193191648,
POTEF_POTEJ,POTEF,POTEJ,1,TRUE,FALSE,0.305036217,
POTEF_POTEM,POTEF,POTEM,1,TRUE,FALSE,0.238484949,
POTEG_POTEH,POTEG,POTEH,1,TRUE,FALSE,0.088615134,
POTEG_POTEJ,POTEG,POTEJ,1,TRUE,FALSE,0.117221117,
POTEG_POTEM,POTEG,POTEM,1,TRUE,FALSE,0.099370532,
POTEH_POTEJ,POTEH,POTEJ,1,TRUE,FALSE,0.116604149,
POTEH_POTEM,POTEH,POTEM,1,TRUE,FALSE,0.093401186,
POTEJ_POTEM,POTEJ,POTEM,1,TRUE,FALSE,0.130507812,
PPIAL4A_PPIAL4C,PPIAL4A,PPIAL4C,1,TRUE,FALSE,0.251927525,
PPIAL4A_PPIAL4D,PPIAL4A,PPIAL4D,1,TRUE,FALSE,0.259530008,
PPIAL4A_PPIAL4E,PPIAL4A,PPIAL4E,1,TRUE,FALSE,0.289611161,
PPIAL4A_PPIAL4F,PPIAL4A,PPIAL4F,1,TRUE,FALSE,0.291634202,
PPIAL4A_PPIAL4H,PPIAL4A,PPIAL4H,1,TRUE,FALSE,0.246208951,
PPIAL4C_PPIAL4D,PPIAL4C,PPIAL4D,1,TRUE,FALSE,0.176382095,
PPIAL4C_PPIAL4E,PPIAL4C,PPIAL4E,1,TRUE,FALSE,0.16515027,
PPIAL4C_PPIAL4F,PPIAL4C,PPIAL4F,1,TRUE,FALSE,0.185878575,
PPIAL4C_PPIAL4H,PPIAL4C,PPIAL4H,1,TRUE,FALSE,0.139435649,
PPIAL4D_PPIAL4E,PPIAL4D,PPIAL4E,1,TRUE,FALSE,0.174572259,
PPIAL4D_PPIAL4F,PPIAL4D,PPIAL4F,1,TRUE,FALSE,0.199966982,
PPIAL4D_PPIAL4H,PPIAL4D,PPIAL4H,1,TRUE,FALSE,0.145133942,
PPIAL4E_PPIAL4F,PPIAL4E,PPIAL4F,1,TRUE,FALSE,0.225431919,
PPIAL4E_PPIAL4H,PPIAL4E,PPIAL4H,1,TRUE,FALSE,0.184368253,
PPIAL4F_PPIAL4H,PPIAL4F,PPIAL4H,1,TRUE,FALSE,0.203705177,
PRAMEF10_PRAMEF11,PRAMEF10,PRAMEF11,2,TRUE,TRUE,0.058091965,0.188058436
PRAMEF10_PRAMEF13,PRAMEF10,PRAMEF13,1,TRUE,FALSE,0.092447951,
PRAMEF10_PRAMEF14,PRAMEF10,PRAMEF14,1,TRUE,FALSE,0.062942386,
PRAMEF10_PRAMEF15,PRAMEF10,PRAMEF15,1,TRUE,FALSE,0.060641389,
PRAMEF10_PRAMEF17,PRAMEF10,PRAMEF17,1,TRUE,FALSE,0.089430742,
PRAMEF10_PRAMEF19,PRAMEF10,PRAMEF19,1,TRUE,FALSE,0.053294074,
PRAMEF10_PRAMEF20,PRAMEF10,PRAMEF20,1,TRUE,FALSE,0.058597948,
PRAMEF10_PRAMEF25,PRAMEF10,PRAMEF25,1,TRUE,FALSE,0.075931095,
PRAMEF10_PRAMEF26,PRAMEF10,PRAMEF26,1,TRUE,FALSE,0.094751209,
PRAMEF10_PRAMEF27,PRAMEF10,PRAMEF27,1,TRUE,FALSE,0.103624642,
PRAMEF10_PRAMEF33,PRAMEF10,PRAMEF33,1,TRUE,FALSE,0.086660095,
PRAMEF11_PRAMEF13,PRAMEF11,PRAMEF13,2,TRUE,TRUE,0.069980465,0.213859081
PRAMEF11_PRAMEF14,PRAMEF11,PRAMEF14,2,TRUE,TRUE,0.063921936,0.214853868
PRAMEF11_PRAMEF15,PRAMEF11,PRAMEF15,2,TRUE,TRUE,0.098450154,0.234825581
PRAMEF11_PRAMEF17,PRAMEF11,PRAMEF17,2,TRUE,TRUE,0.056522071,0.168304309
PRAMEF11_PRAMEF19,PRAMEF11,PRAMEF19,2,TRUE,TRUE,0.060068462,0.182291061
PRAMEF11_PRAMEF20,PRAMEF11,PRAMEF20,2,TRUE,TRUE,0.071870312,0.219562724
PRAMEF11_PRAMEF25,PRAMEF11,PRAMEF25,2,TRUE,TRUE,0.090744145,0.216026038
PRAMEF11_PRAMEF26,PRAMEF11,PRAMEF26,2,TRUE,TRUE,0.093398906,0.201502517
PRAMEF11_PRAMEF27,PRAMEF11,PRAMEF27,2,TRUE,TRUE,0.102407642,0.233472407
PRAMEF11_PRAMEF33,PRAMEF11,PRAMEF33,2,TRUE,TRUE,0.06554015,0.204195514
PRAMEF13_PRAMEF14,PRAMEF13,PRAMEF14,1,TRUE,FALSE,0.082044989,
PRAMEF13_PRAMEF15,PRAMEF13,PRAMEF15,1,TRUE,FALSE,0.108041048,
PRAMEF13_PRAMEF17,PRAMEF13,PRAMEF17,1,TRUE,FALSE,0.089134127,
PRAMEF13_PRAMEF19,PRAMEF13,PRAMEF19,1,TRUE,FALSE,0.065724365,
PRAMEF13_PRAMEF20,PRAMEF13,PRAMEF20,1,TRUE,FALSE,0.077050321,
PRAMEF13_PRAMEF25,PRAMEF13,PRAMEF25,1,TRUE,FALSE,0.098032638,
PRAMEF13_PRAMEF26,PRAMEF13,PRAMEF26,1,TRUE,FALSE,0.098032638,
PRAMEF13_PRAMEF27,PRAMEF13,PRAMEF27,1,TRUE,FALSE,0.08794798,
PRAMEF13_PRAMEF33,PRAMEF13,PRAMEF33,1,TRUE,FALSE,0.071635045,
PRAMEF14_PRAMEF15,PRAMEF14,PRAMEF15,1,TRUE,FALSE,0.063142791,
PRAMEF14_PRAMEF17,PRAMEF14,PRAMEF17,1,TRUE,FALSE,0.060592819,
PRAMEF14_PRAMEF19,PRAMEF14,PRAMEF19,1,TRUE,FALSE,0.061917599,
PRAMEF14_PRAMEF20,PRAMEF14,PRAMEF20,1,TRUE,FALSE,0.066701636,
PRAMEF14_PRAMEF25,PRAMEF14,PRAMEF25,1,TRUE,FALSE,0.052492995,
PRAMEF14_PRAMEF26,PRAMEF14,PRAMEF26,1,TRUE,FALSE,0.057619039,
PRAMEF14_PRAMEF27,PRAMEF14,PRAMEF27,1,TRUE,FALSE,0.082528748,
PRAMEF14_PRAMEF33,PRAMEF14,PRAMEF33,1,TRUE,FALSE,0.073978998,
PRAMEF15_PRAMEF17,PRAMEF15,PRAMEF17,1,TRUE,FALSE,0.060406234,
PRAMEF15_PRAMEF19,PRAMEF15,PRAMEF19,1,TRUE,FALSE,0.057297364,
PRAMEF15_PRAMEF20,PRAMEF15,PRAMEF20,1,TRUE,FALSE,0.068566494,
PRAMEF15_PRAMEF25,PRAMEF15,PRAMEF25,1,TRUE,FALSE,0.090874717,
PRAMEF15_PRAMEF26,PRAMEF15,PRAMEF26,1,TRUE,FALSE,0.093828902,
PRAMEF15_PRAMEF27,PRAMEF15,PRAMEF27,1,TRUE,FALSE,0.102895416,
PRAMEF15_PRAMEF33,PRAMEF15,PRAMEF33,1,TRUE,FALSE,0.077258289,
PRAMEF17_PRAMEF19,PRAMEF17,PRAMEF19,1,TRUE,FALSE,0.052747287,
PRAMEF17_PRAMEF20,PRAMEF17,PRAMEF20,1,TRUE,FALSE,0.055074573,
PRAMEF17_PRAMEF25,PRAMEF17,PRAMEF25,1,TRUE,FALSE,0.055383898,
PRAMEF17_PRAMEF26,PRAMEF17,PRAMEF26,1,TRUE,FALSE,0.06550739,
PRAMEF17_PRAMEF27,PRAMEF17,PRAMEF27,1,TRUE,FALSE,0.073071696,
PRAMEF17_PRAMEF33,PRAMEF17,PRAMEF33,1,TRUE,FALSE,0.075114191,
PRAMEF19_PRAMEF20,PRAMEF19,PRAMEF20,1,TRUE,FALSE,0.0601216,
PRAMEF19_PRAMEF25,PRAMEF19,PRAMEF25,1,TRUE,FALSE,0.047144718,
PRAMEF19_PRAMEF26,PRAMEF19,PRAMEF26,1,TRUE,FALSE,0.049657546,
PRAMEF19_PRAMEF27,PRAMEF19,PRAMEF27,1,TRUE,FALSE,0.078087971,
PRAMEF19_PRAMEF33,PRAMEF19,PRAMEF33,1,TRUE,FALSE,0.061272684,
PRAMEF20_PRAMEF25,PRAMEF20,PRAMEF25,1,TRUE,FALSE,0.059735261,
PRAMEF20_PRAMEF26,PRAMEF20,PRAMEF26,1,TRUE,FALSE,0.059688933,
PRAMEF20_PRAMEF27,PRAMEF20,PRAMEF27,1,TRUE,FALSE,0.080144748,
PRAMEF20_PRAMEF33,PRAMEF20,PRAMEF33,1,TRUE,FALSE,0.069746606,
PRAMEF25_PRAMEF27,PRAMEF25,PRAMEF27,1,TRUE,FALSE,0.128107235,
PRAMEF25_PRAMEF33,PRAMEF25,PRAMEF33,1,TRUE,FALSE,0.052053444,
PRAMEF26_PRAMEF27,PRAMEF26,PRAMEF27,1,TRUE,FALSE,0.127432629,
PRAMEF26_PRAMEF33,PRAMEF26,PRAMEF33,1,TRUE,FALSE,0.052053444,
PRAMEF27_PRAMEF33,PRAMEF27,PRAMEF33,1,TRUE,FALSE,0.079905316,
PRAMEF2_PRAMEF10,PRAMEF2,PRAMEF10,2,TRUE,TRUE,0.073085025,0.090585344
PRAMEF2_PRAMEF11,PRAMEF2,PRAMEF11,2,TRUE,TRUE,0.065565117,0.117558047
PRAMEF2_PRAMEF13,PRAMEF2,PRAMEF13,2,TRUE,TRUE,0.118927442,0.123626903
PRAMEF2_PRAMEF14,PRAMEF2,PRAMEF14,2,TRUE,TRUE,0.093290679,0.124680087
PRAMEF2_PRAMEF15,PRAMEF2,PRAMEF15,2,TRUE,TRUE,0.067304343,0.086358577
PRAMEF2_PRAMEF17,PRAMEF2,PRAMEF17,2,TRUE,TRUE,0.07275264,0.087350219
PRAMEF2_PRAMEF19,PRAMEF2,PRAMEF19,2,TRUE,TRUE,0.058758184,0.073796265
PRAMEF2_PRAMEF20,PRAMEF2,PRAMEF20,2,TRUE,TRUE,0.066631258,0.08826638
PRAMEF2_PRAMEF25,PRAMEF2,PRAMEF25,2,TRUE,TRUE,0.060702883,0.070725754
PRAMEF2_PRAMEF26,PRAMEF2,PRAMEF26,2,TRUE,TRUE,0.060520679,0.064593732
PRAMEF2_PRAMEF27,PRAMEF2,PRAMEF27,2,TRUE,TRUE,0.096306346,0.115777574
PRAMEF2_PRAMEF33,PRAMEF2,PRAMEF33,2,TRUE,TRUE,0.082559943,0.121925481
PRAMEF2_PRAMEF5,PRAMEF2,PRAMEF5,2,TRUE,TRUE,0.066682026,0.084481522
PRAMEF2_PRAMEF6,PRAMEF2,PRAMEF6,2,TRUE,TRUE,0.081395976,0.087206192
PRAMEF2_PRAMEF7,PRAMEF2,PRAMEF7,2,TRUE,TRUE,0.079237379,0.092219904
PRAMEF2_PRAMEF8,PRAMEF2,PRAMEF8,2,TRUE,TRUE,0.076079674,0.092037722
PRAMEF2_PRAMEF9,PRAMEF2,PRAMEF9,2,TRUE,TRUE,0.068318948,0.085691489
PRAMEF5_PRAMEF10,PRAMEF5,PRAMEF10,1,TRUE,FALSE,0.09429957,
PRAMEF5_PRAMEF11,PRAMEF5,PRAMEF11,2,TRUE,TRUE,0.08670529,0.221366003
PRAMEF5_PRAMEF13,PRAMEF5,PRAMEF13,1,TRUE,FALSE,0.078564242,
PRAMEF5_PRAMEF14,PRAMEF5,PRAMEF14,1,TRUE,FALSE,0.064939067,
PRAMEF5_PRAMEF15,PRAMEF5,PRAMEF15,1,TRUE,FALSE,0.094257265,
PRAMEF5_PRAMEF17,PRAMEF5,PRAMEF17,1,TRUE,FALSE,0.065557145,
PRAMEF5_PRAMEF19,PRAMEF5,PRAMEF19,1,TRUE,FALSE,0.05773956,
PRAMEF5_PRAMEF20,PRAMEF5,PRAMEF20,1,TRUE,FALSE,0.06890519,
PRAMEF5_PRAMEF25,PRAMEF5,PRAMEF25,1,TRUE,FALSE,0.114823639,
PRAMEF5_PRAMEF26,PRAMEF5,PRAMEF26,1,TRUE,FALSE,0.126840547,
PRAMEF5_PRAMEF27,PRAMEF5,PRAMEF27,1,TRUE,FALSE,0.14899604,
PRAMEF5_PRAMEF33,PRAMEF5,PRAMEF33,1,TRUE,FALSE,0.068710096,
PRAMEF5_PRAMEF6,PRAMEF5,PRAMEF6,1,TRUE,FALSE,0.12793003,
PRAMEF5_PRAMEF7,PRAMEF5,PRAMEF7,1,TRUE,FALSE,0.064253137,
PRAMEF5_PRAMEF8,PRAMEF5,PRAMEF8,1,TRUE,FALSE,0.064825766,
PRAMEF5_PRAMEF9,PRAMEF5,PRAMEF9,1,TRUE,FALSE,0.09489876,
PRAMEF6_PRAMEF10,PRAMEF6,PRAMEF10,1,TRUE,FALSE,0.095243543,
PRAMEF6_PRAMEF11,PRAMEF6,PRAMEF11,2,TRUE,TRUE,0.082164466,0.242277861
PRAMEF6_PRAMEF13,PRAMEF6,PRAMEF13,1,TRUE,FALSE,0.082872532,
PRAMEF6_PRAMEF14,PRAMEF6,PRAMEF14,1,TRUE,FALSE,0.068166651,
PRAMEF6_PRAMEF15,PRAMEF6,PRAMEF15,1,TRUE,FALSE,0.084083982,
PRAMEF6_PRAMEF17,PRAMEF6,PRAMEF17,1,TRUE,FALSE,0.070757538,
PRAMEF6_PRAMEF19,PRAMEF6,PRAMEF19,1,TRUE,FALSE,0.062900782,
PRAMEF6_PRAMEF20,PRAMEF6,PRAMEF20,1,TRUE,FALSE,0.075889297,
PRAMEF6_PRAMEF25,PRAMEF6,PRAMEF25,1,TRUE,FALSE,0.122704342,
PRAMEF6_PRAMEF26,PRAMEF6,PRAMEF26,1,TRUE,FALSE,0.127586022,
PRAMEF6_PRAMEF27,PRAMEF6,PRAMEF27,1,TRUE,FALSE,0.140648648,
PRAMEF6_PRAMEF33,PRAMEF6,PRAMEF33,1,TRUE,FALSE,0.074039891,
PRAMEF6_PRAMEF7,PRAMEF6,PRAMEF7,1,TRUE,FALSE,0.078585915,
PRAMEF6_PRAMEF8,PRAMEF6,PRAMEF8,1,TRUE,FALSE,0.077456892,
PRAMEF6_PRAMEF9,PRAMEF6,PRAMEF9,1,TRUE,FALSE,0.088403247,
PRAMEF7_PRAMEF10,PRAMEF7,PRAMEF10,1,TRUE,FALSE,0.061875932,
PRAMEF7_PRAMEF11,PRAMEF7,PRAMEF11,2,TRUE,TRUE,0.065580897,0.212199256
PRAMEF7_PRAMEF13,PRAMEF7,PRAMEF13,1,TRUE,FALSE,0.106197923,
PRAMEF7_PRAMEF14,PRAMEF7,PRAMEF14,1,TRUE,FALSE,0.066986024,
PRAMEF7_PRAMEF15,PRAMEF7,PRAMEF15,1,TRUE,FALSE,0.065620407,
PRAMEF7_PRAMEF17,PRAMEF7,PRAMEF17,1,TRUE,FALSE,0.063742831,
PRAMEF7_PRAMEF19,PRAMEF7,PRAMEF19,1,TRUE,FALSE,0.057575591,
PRAMEF7_PRAMEF20,PRAMEF7,PRAMEF20,1,TRUE,FALSE,0.064439379,
PRAMEF7_PRAMEF25,PRAMEF7,PRAMEF25,1,TRUE,FALSE,0.062814459,
PRAMEF7_PRAMEF26,PRAMEF7,PRAMEF26,1,TRUE,FALSE,0.073430039,
PRAMEF7_PRAMEF27,PRAMEF7,PRAMEF27,1,TRUE,FALSE,0.093986116,
PRAMEF7_PRAMEF33,PRAMEF7,PRAMEF33,1,TRUE,FALSE,0.077958785,
PRAMEF7_PRAMEF8,PRAMEF7,PRAMEF8,1,TRUE,FALSE,0.109674156,
PRAMEF7_PRAMEF9,PRAMEF7,PRAMEF9,1,TRUE,FALSE,0.069207884,
PRAMEF8_PRAMEF10,PRAMEF8,PRAMEF10,1,TRUE,FALSE,0.061380699,
PRAMEF8_PRAMEF11,PRAMEF8,PRAMEF11,2,TRUE,TRUE,0.064796776,0.20389156
PRAMEF8_PRAMEF13,PRAMEF8,PRAMEF13,1,TRUE,FALSE,0.113031894,
PRAMEF8_PRAMEF14,PRAMEF8,PRAMEF14,1,TRUE,FALSE,0.066805787,
PRAMEF8_PRAMEF15,PRAMEF8,PRAMEF15,1,TRUE,FALSE,0.063499533,
PRAMEF8_PRAMEF17,PRAMEF8,PRAMEF17,1,TRUE,FALSE,0.06434951,
PRAMEF8_PRAMEF19,PRAMEF8,PRAMEF19,1,TRUE,FALSE,0.058552336,
PRAMEF8_PRAMEF20,PRAMEF8,PRAMEF20,1,TRUE,FALSE,0.060992759,
PRAMEF8_PRAMEF25,PRAMEF8,PRAMEF25,1,TRUE,FALSE,0.05849291,
PRAMEF8_PRAMEF26,PRAMEF8,PRAMEF26,1,TRUE,FALSE,0.071461782,
PRAMEF8_PRAMEF27,PRAMEF8,PRAMEF27,1,TRUE,FALSE,0.084246971,
PRAMEF8_PRAMEF33,PRAMEF8,PRAMEF33,1,TRUE,FALSE,0.080530591,
PRAMEF8_PRAMEF9,PRAMEF8,PRAMEF9,1,TRUE,FALSE,0.063016787,
PRAMEF9_PRAMEF10,PRAMEF9,PRAMEF10,1,TRUE,FALSE,0.060792547,
PRAMEF9_PRAMEF11,PRAMEF9,PRAMEF11,2,TRUE,TRUE,0.102973178,0.246140987
PRAMEF9_PRAMEF13,PRAMEF9,PRAMEF13,1,TRUE,FALSE,0.109894268,
PRAMEF9_PRAMEF14,PRAMEF9,PRAMEF14,1,TRUE,FALSE,0.065530792,
PRAMEF9_PRAMEF15,PRAMEF9,PRAMEF15,1,TRUE,FALSE,0.104530834,
PRAMEF9_PRAMEF17,PRAMEF9,PRAMEF17,1,TRUE,FALSE,0.061275568,
PRAMEF9_PRAMEF19,PRAMEF9,PRAMEF19,1,TRUE,FALSE,0.060710587,
PRAMEF9_PRAMEF20,PRAMEF9,PRAMEF20,1,TRUE,FALSE,0.07163278,
PRAMEF9_PRAMEF25,PRAMEF9,PRAMEF25,1,TRUE,FALSE,0.093945891,
PRAMEF9_PRAMEF26,PRAMEF9,PRAMEF26,1,TRUE,FALSE,0.094839409,
PRAMEF9_PRAMEF27,PRAMEF9,PRAMEF27,1,TRUE,FALSE,0.117010325,
PRAMEF9_PRAMEF33,PRAMEF9,PRAMEF33,1,TRUE,FALSE,0.076198399,
PRB1_PRB3,PRB1,PRB3,1,TRUE,FALSE,0.001190151,
PRR20A_PRR20B,PRR20A,PRR20B,1,TRUE,FALSE,0.1319152,
PRR20A_PRR20C,PRR20A,PRR20C,1,TRUE,FALSE,0.1331732,
PRR20A_PRR20D,PRR20A,PRR20D,1,TRUE,FALSE,0.13031791,
PRR20A_PRR20E,PRR20A,PRR20E,1,TRUE,FALSE,0.13276523,
PRR20B_PRR20C,PRR20B,PRR20C,1,TRUE,FALSE,0.13146678,
PRR20B_PRR20D,PRR20B,PRR20D,1,TRUE,FALSE,0.12861148,
PRR20B_PRR20E,PRR20B,PRR20E,1,TRUE,FALSE,0.1323904,
PRR20C_PRR20D,PRR20C,PRR20D,1,TRUE,FALSE,0.1349848,
PRR20C_PRR20E,PRR20C,PRR20E,1,TRUE,FALSE,0.12790461,
PRR20D_PRR20E,PRR20D,PRR20E,1,TRUE,FALSE,0.12504931,
PRR23D1_PRR23D2,PRR23D1,PRR23D2,1,TRUE,FALSE,0.120101579,
PRY_PRY2,PRY,PRY2,1,TRUE,FALSE,0.119412139,
RAB6C_RAB36,RAB6C,RAB36,2,TRUE,TRUE,0.007148015,0.001430255
RAB6C_RAB6D,RAB6C,RAB6D,1,TRUE,FALSE,0.100212976,
RAB6D_RAB36,RAB6D,RAB36,2,TRUE,TRUE,0.000260307,0.000258288
RBMY1A1_RBMY1B,RBMY1A1,RBMY1B,1,TRUE,FALSE,0.134681106,
RBMY1A1_RBMY1D,RBMY1A1,RBMY1D,1,TRUE,FALSE,0.140641734,
RBMY1A1_RBMY1E,RBMY1A1,RBMY1E,1,TRUE,FALSE,0.131218269,
RBMY1A1_RBMY1F,RBMY1A1,RBMY1F,1,TRUE,FALSE,0.143563032,
RBMY1A1_RBMY1J,RBMY1A1,RBMY1J,1,TRUE,FALSE,0.131165832,
RBMY1B_RBMY1D,RBMY1B,RBMY1D,1,TRUE,FALSE,0.150290415,
RBMY1B_RBMY1E,RBMY1B,RBMY1E,1,TRUE,FALSE,0.13576895,
RBMY1B_RBMY1F,RBMY1B,RBMY1F,1,TRUE,FALSE,0.139457822,
RBMY1B_RBMY1J,RBMY1B,RBMY1J,1,TRUE,FALSE,0.132768407,
RBMY1D_RBMY1E,RBMY1D,RBMY1E,1,TRUE,FALSE,0.14106819,
RBMY1D_RBMY1F,RBMY1D,RBMY1F,1,TRUE,FALSE,0.135185331,
RBMY1D_RBMY1J,RBMY1D,RBMY1J,1,TRUE,FALSE,0.127995923,
RBMY1E_RBMY1F,RBMY1E,RBMY1F,1,TRUE,FALSE,0.136379421,
RBMY1E_RBMY1J,RBMY1E,RBMY1J,1,TRUE,FALSE,0.130394846,
RBMY1F_RBMY1J,RBMY1F,RBMY1J,1,TRUE,FALSE,0.245578304,
RGPD1_RGPD2,RGPD1,RGPD2,1,TRUE,FALSE,0.15578021,
RGPD1_RGPD3,RGPD1,RGPD3,1,TRUE,FALSE,0.08217598,
RGPD1_RGPD5,RGPD1,RGPD5,1,TRUE,FALSE,0.19696905,
RGPD1_RGPD6,RGPD1,RGPD6,1,TRUE,FALSE,0.17948402,
RGPD1_RGPD8,RGPD1,RGPD8,1,TRUE,FALSE,0.18026137,
RGPD2_RGPD3,RGPD2,RGPD3,1,TRUE,FALSE,0.08591036,
RGPD2_RGPD5,RGPD2,RGPD5,1,TRUE,FALSE,0.1921592,
RGPD2_RGPD6,RGPD2,RGPD6,1,TRUE,FALSE,0.15852752,
RGPD2_RGPD8,RGPD2,RGPD8,1,TRUE,FALSE,0.16137902,
RGPD3_RGPD5,RGPD3,RGPD5,1,TRUE,FALSE,0.09137176,
RGPD3_RGPD6,RGPD3,RGPD6,1,TRUE,FALSE,0.09476401,
RGPD3_RGPD8,RGPD3,RGPD8,1,TRUE,FALSE,0.09624016,
RGPD5_RGPD6,RGPD5,RGPD6,1,TRUE,FALSE,0.19481172,
RGPD5_RGPD8,RGPD5,RGPD8,1,TRUE,FALSE,0.28206167,
RGPD6_RGPD8,RGPD6,RGPD8,1,TRUE,FALSE,0.1829434,
RIMBP3B_RIMBP3C,RIMBP3B,RIMBP3C,1,TRUE,FALSE,0.088653356,
RIMBP3_RIMBP3B,RIMBP3,RIMBP3B,1,TRUE,FALSE,0.023359044,
RIMBP3_RIMBP3C,RIMBP3,RIMBP3C,1,TRUE,FALSE,0.023321409,
RPS4Y1_RPS4Y2,RPS4Y1,RPS4Y2,2,TRUE,TRUE,0.12424969,0.13070205
RSPH10B_RSPH10B2,RSPH10B,RSPH10B2,1,TRUE,FALSE,0.047263104,
SEPTIN10_SEPTIN11,SEPTIN10,SEPTIN11,2,TRUE,TRUE,0.034961879,0.011584391
SEPTIN10_SEPTIN14,SEPTIN10,SEPTIN14,2,TRUE,TRUE,0.115618281,0.023035016
SEPTIN11_SEPTIN14,SEPTIN11,SEPTIN14,2,TRUE,TRUE,0.138134554,0.014522115
SEPTIN1_SEPTIN12,SEPTIN1,SEPTIN12,2,TRUE,TRUE,0.005067326,0.014270377
SEPTIN1_SEPTIN2,SEPTIN1,SEPTIN2,2,TRUE,TRUE,0.060545355,0.0163472
SEPTIN1_SEPTIN3,SEPTIN1,SEPTIN3,2,TRUE,TRUE,0.026158011,0.01277245
SEPTIN1_SEPTIN5,SEPTIN1,SEPTIN5,2,TRUE,TRUE,0.011892793,0.012602474
SEPTIN1_SEPTIN7,SEPTIN1,SEPTIN7,2,TRUE,TRUE,0.243619457,0.054932863
SEPTIN1_SEPTIN9,SEPTIN1,SEPTIN9,2,TRUE,TRUE,0.013426313,0.005921718
SEPTIN2_SEPTIN12,SEPTIN2,SEPTIN12,2,TRUE,TRUE,0.035324547,0.009205081
SEPTIN2_SEPTIN3,SEPTIN2,SEPTIN3,2,TRUE,TRUE,0.083749212,0.014610808
SEPTIN2_SEPTIN5,SEPTIN2,SEPTIN5,2,TRUE,TRUE,0.040576909,0.014472013
SEPTIN2_SEPTIN7,SEPTIN2,SEPTIN7,2,TRUE,TRUE,0.323155373,0.12710394
SEPTIN2_SEPTIN9,SEPTIN2,SEPTIN9,2,TRUE,TRUE,0.067352034,0.018490328
SEPTIN3_SEPTIN5,SEPTIN3,SEPTIN5,2,TRUE,TRUE,0.018045105,0.017872006
SEPTIN3_SEPTIN7,SEPTIN3,SEPTIN7,2,TRUE,TRUE,0.336547345,0.085213274
SEPTIN3_SEPTIN9,SEPTIN3,SEPTIN9,2,TRUE,TRUE,0.032412037,0.011221094
SEPTIN5_SEPTIN12,SEPTIN5,SEPTIN12,2,TRUE,TRUE,0.004044354,0.007864579
SEPTIN5_SEPTIN7,SEPTIN5,SEPTIN7,2,TRUE,TRUE,0.254057795,0.077659719
SEPTIN5_SEPTIN9,SEPTIN5,SEPTIN9,2,TRUE,TRUE,0.033680215,0.021779127
SEPTIN6_SEPTIN10,SEPTIN6,SEPTIN10,2,TRUE,TRUE,0.01676706,0.015923243
SEPTIN6_SEPTIN11,SEPTIN6,SEPTIN11,2,TRUE,TRUE,0.025982572,0.040544242
SEPTIN6_SEPTIN14,SEPTIN6,SEPTIN14,2,TRUE,TRUE,0.05334948,0.021641025
SEPTIN6_SEPTIN8,SEPTIN6,SEPTIN8,2,TRUE,TRUE,0.020012492,0.023656534
SEPTIN7_SEPTIN12,SEPTIN7,SEPTIN12,2,TRUE,TRUE,0.218617052,0.056205627
SEPTIN7_SEPTIN9,SEPTIN7,SEPTIN9,2,TRUE,TRUE,0.37391004,0.127304554
SEPTIN8_SEPTIN10,SEPTIN8,SEPTIN10,2,TRUE,TRUE,0.017458335,0.018384255
SEPTIN8_SEPTIN11,SEPTIN8,SEPTIN11,2,TRUE,TRUE,0.02521405,0.012842393
SEPTIN8_SEPTIN14,SEPTIN8,SEPTIN14,2,TRUE,TRUE,0.064813666,0.039523043
SEPTIN9_SEPTIN12,SEPTIN9,SEPTIN12,2,TRUE,TRUE,0.015748717,0.010424811
SERF1A_SERF1B,SERF1A,SERF1B,1,TRUE,FALSE,0.27834094,
SETSIP_TSPY1,SETSIP,TSPY1,1,TRUE,FALSE,0.099697925,
SETSIP_TSPY10,SETSIP,TSPY10,1,TRUE,FALSE,0.134779647,
SETSIP_TSPY2,SETSIP,TSPY2,1,TRUE,FALSE,0.119857758,
SETSIP_TSPY3,SETSIP,TSPY3,1,TRUE,FALSE,0.129223362,
SETSIP_TSPY4,SETSIP,TSPY4,1,TRUE,FALSE,0.126706615,
SETSIP_TSPY8,SETSIP,TSPY8,1,TRUE,FALSE,0.126397818,
SHANK2_SHANK3,SHANK2,SHANK3,2,TRUE,TRUE,0.102565676,0.035832986
SLX1A_SLX1B,SLX1A,SLX1B,1,TRUE,FALSE,0.09940694,
SMIM10L1_SMIM10L2A,SMIM10L1,SMIM10L2A,1,TRUE,FALSE,0.002334501,
SMIM10L1_SMIM10L2B,SMIM10L1,SMIM10L2B,1,TRUE,FALSE,0.000969819,
SMN1_SMN2,SMN1,SMN2,1,TRUE,FALSE,0.48851827,
SPACA5_SPACA5B,SPACA5,SPACA5B,1,TRUE,FALSE,0.097690038,
SPANXA1_SPANXA2,SPANXA1,SPANXA2,1,TRUE,FALSE,0.120373443,
SPANXA1_SPANXB1,SPANXA1,SPANXB1,1,TRUE,FALSE,0.044724919,
SPANXA1_SPANXC,SPANXA1,SPANXC,1,TRUE,FALSE,0.066055156,
SPANXA1_SPANXD,SPANXA1,SPANXD,2,TRUE,TRUE,0.092337325,0.097625926
SPANXA2_SPANXB1,SPANXA2,SPANXB1,1,TRUE,FALSE,0.097398259,
SPANXA2_SPANXC,SPANXA2,SPANXC,1,TRUE,FALSE,0.091754913,
SPANXA2_SPANXD,SPANXA2,SPANXD,2,TRUE,TRUE,0.154930204,0.098763607
SPANXB1_SPANXC,SPANXB1,SPANXC,1,TRUE,FALSE,0.039587982,
SPANXB1_SPANXD,SPANXB1,SPANXD,2,TRUE,TRUE,0.083932884,0.075395271
SPANXC_SPANXD,SPANXC,SPANXD,2,TRUE,TRUE,0.080171652,0.084467605
SPATA31A1_SPATA31A5,SPATA31A1,SPATA31A5,1,TRUE,FALSE,0.091572195,
SPATA31A1_SPATA31A7,SPATA31A1,SPATA31A7,1,TRUE,FALSE,0.032683477,
SPATA31A1_SPATA31D3,SPATA31A1,SPATA31D3,1,TRUE,FALSE,0.032402862,
SPATA31A1_SPATA31D4,SPATA31A1,SPATA31D4,1,TRUE,FALSE,0.031582799,
SPATA31A5_SPATA31A7,SPATA31A5,SPATA31A7,1,TRUE,FALSE,0.078175917,
SPATA31A5_SPATA31D3,SPATA31A5,SPATA31D3,1,TRUE,FALSE,0.043080885,
SPATA31A5_SPATA31D4,SPATA31A5,SPATA31D4,1,TRUE,FALSE,0.061151199,
SPATA31A7_SPATA31D3,SPATA31A7,SPATA31D3,1,TRUE,FALSE,0.006318122,
SPATA31A7_SPATA31D4,SPATA31A7,SPATA31D4,1,TRUE,FALSE,0.049687289,
SPATA31D3_SPATA31D4,SPATA31D3,SPATA31D4,1,TRUE,FALSE,0.045490153,
SPDYC_SPDYE16,SPDYC,SPDYE16,2,TRUE,TRUE,0.054798432,0.120146781
SPDYC_SPDYE2,SPDYC,SPDYE2,2,TRUE,TRUE,0.137393937,0.161002025
SPDYC_SPDYE2B,SPDYC,SPDYE2B,2,TRUE,TRUE,0.143567577,0.166679576
SPDYC_SPDYE3,SPDYC,SPDYE3,2,TRUE,TRUE,0.135843679,0.075173885
SPDYC_SPDYE5,SPDYC,SPDYE5,2,TRUE,TRUE,0.098876752,0.160926327
SPDYC_SPDYE6,SPDYC,SPDYE6,2,TRUE,TRUE,0.138132736,0.153318241
SPDYE2B_SPDYE16,SPDYE2B,SPDYE16,1,TRUE,FALSE,0.114529155,
SPDYE2B_SPDYE3,SPDYE2B,SPDYE3,2,TRUE,TRUE,0.186419711,0.04173319
SPDYE2B_SPDYE5,SPDYE2B,SPDYE5,1,TRUE,FALSE,0.183657423,
SPDYE2B_SPDYE6,SPDYE2B,SPDYE6,1,TRUE,FALSE,0.184461907,
SPDYE2_SPDYE16,SPDYE2,SPDYE16,1,TRUE,FALSE,0.105466746,
SPDYE2_SPDYE2B,SPDYE2,SPDYE2B,1,TRUE,FALSE,0.23270002,
SPDYE2_SPDYE3,SPDYE2,SPDYE3,2,TRUE,TRUE,0.182203069,0.039845128
SPDYE2_SPDYE5,SPDYE2,SPDYE5,1,TRUE,FALSE,0.181009263,
SPDYE2_SPDYE6,SPDYE2,SPDYE6,1,TRUE,FALSE,0.183088884,
SPDYE3_SPDYE16,SPDYE3,SPDYE16,2,TRUE,TRUE,0.109469354,0.056428894
SPDYE3_SPDYE5,SPDYE3,SPDYE5,2,TRUE,TRUE,0.157822475,0.042534832
SPDYE3_SPDYE6,SPDYE3,SPDYE6,2,TRUE,TRUE,0.181018546,0.043090064
SPDYE5_SPDYE16,SPDYE5,SPDYE16,1,TRUE,FALSE,0.088019617,
SPDYE5_SPDYE6,SPDYE5,SPDYE6,1,TRUE,FALSE,0.178192124,
SPDYE6_SPDYE16,SPDYE6,SPDYE16,1,TRUE,FALSE,0.109527186,
SPIN2A_SPIN2B,SPIN2A,SPIN2B,1,TRUE,FALSE,0.037336845,
SPON1_SPON2,SPON1,SPON2,2,TRUE,TRUE,0.008932,0.006909241
SRGAP2_SRGAP2B,SRGAP2,SRGAP2B,1,TRUE,FALSE,0.062242959,
SRGAP2_SRGAP2C,SRGAP2,SRGAP2C,1,TRUE,FALSE,0.159255117,
SSX2B_SSX4,SSX2B,SSX4,1,TRUE,FALSE,0.053337459,
SSX2B_SSX4B,SSX2B,SSX4B,1,TRUE,FALSE,0.061193928,
SSX2_SSX2B,SSX2,SSX2B,1,TRUE,FALSE,0.111745626,
SSX2_SSX4,SSX2,SSX4,1,TRUE,FALSE,0.053017683,
SSX2_SSX4B,SSX2,SSX4B,1,TRUE,FALSE,0.053499166,
SSX4_SSX4B,SSX4,SSX4B,1,TRUE,FALSE,0.087979309,
SULT1A3_SULT1A4,SULT1A3,SULT1A4,1,TRUE,FALSE,0.051203914,
TBC1D3B_TBC1D3C,TBC1D3B,TBC1D3C,1,TRUE,FALSE,0.20596233,
TBC1D3B_TBC1D3D,TBC1D3B,TBC1D3D,1,TRUE,FALSE,0.185642228,
TBC1D3B_TBC1D3E,TBC1D3B,TBC1D3E,1,TRUE,FALSE,0.198651254,
TBC1D3B_TBC1D3F,TBC1D3B,TBC1D3F,1,TRUE,FALSE,0.172575966,
TBC1D3B_TBC1D3G,TBC1D3B,TBC1D3G,1,TRUE,FALSE,0.371597767,
TBC1D3B_TBC1D3H,TBC1D3B,TBC1D3H,1,TRUE,FALSE,0.195486918,
TBC1D3B_TBC1D3I,TBC1D3B,TBC1D3I,1,TRUE,FALSE,0.325781286,
TBC1D3B_TBC1D3K,TBC1D3B,TBC1D3K,1,TRUE,FALSE,0.193705946,
TBC1D3B_TBC1D3L,TBC1D3B,TBC1D3L,1,TRUE,FALSE,0.182493418,
TBC1D3C_TBC1D3D,TBC1D3C,TBC1D3D,1,TRUE,FALSE,0.109467268,
TBC1D3C_TBC1D3E,TBC1D3C,TBC1D3E,1,TRUE,FALSE,0.088193484,
TBC1D3C_TBC1D3F,TBC1D3C,TBC1D3F,1,TRUE,FALSE,0.093772285,
TBC1D3C_TBC1D3G,TBC1D3C,TBC1D3G,1,TRUE,FALSE,0.202524021,
TBC1D3C_TBC1D3H,TBC1D3C,TBC1D3H,1,TRUE,FALSE,0.113466628,
TBC1D3C_TBC1D3I,TBC1D3C,TBC1D3I,1,TRUE,FALSE,0.218524367,
TBC1D3C_TBC1D3K,TBC1D3C,TBC1D3K,1,TRUE,FALSE,0.128222927,
TBC1D3C_TBC1D3L,TBC1D3C,TBC1D3L,1,TRUE,FALSE,0.112351313,
TBC1D3D_TBC1D3E,TBC1D3D,TBC1D3E,1,TRUE,FALSE,0.074193358,
TBC1D3D_TBC1D3F,TBC1D3D,TBC1D3F,1,TRUE,FALSE,0.09086854,
TBC1D3D_TBC1D3G,TBC1D3D,TBC1D3G,1,TRUE,FALSE,0.18642807,
TBC1D3D_TBC1D3H,TBC1D3D,TBC1D3H,1,TRUE,FALSE,0.109689549,
TBC1D3D_TBC1D3I,TBC1D3D,TBC1D3I,1,TRUE,FALSE,0.206601247,
TBC1D3D_TBC1D3K,TBC1D3D,TBC1D3K,1,TRUE,FALSE,0.105426803,
TBC1D3D_TBC1D3L,TBC1D3D,TBC1D3L,1,TRUE,FALSE,0.11095611,
TBC1D3E_TBC1D3F,TBC1D3E,TBC1D3F,1,TRUE,FALSE,0.062111579,
TBC1D3E_TBC1D3G,TBC1D3E,TBC1D3G,1,TRUE,FALSE,0.203451231,
TBC1D3E_TBC1D3H,TBC1D3E,TBC1D3H,1,TRUE,FALSE,0.086985812,
TBC1D3E_TBC1D3I,TBC1D3E,TBC1D3I,1,TRUE,FALSE,0.21352084,
TBC1D3E_TBC1D3K,TBC1D3E,TBC1D3K,1,TRUE,FALSE,0.082400493,
TBC1D3E_TBC1D3L,TBC1D3E,TBC1D3L,1,TRUE,FALSE,0.071506552,
TBC1D3F_TBC1D3G,TBC1D3F,TBC1D3G,1,TRUE,FALSE,0.189476341,
TBC1D3F_TBC1D3H,TBC1D3F,TBC1D3H,1,TRUE,FALSE,0.098938167,
TBC1D3F_TBC1D3I,TBC1D3F,TBC1D3I,1,TRUE,FALSE,0.196288556,
TBC1D3F_TBC1D3K,TBC1D3F,TBC1D3K,1,TRUE,FALSE,0.095876783,
TBC1D3F_TBC1D3L,TBC1D3F,TBC1D3L,1,TRUE,FALSE,0.096660055,
TBC1D3G_TBC1D3H,TBC1D3G,TBC1D3H,1,TRUE,FALSE,0.196305528,
TBC1D3G_TBC1D3I,TBC1D3G,TBC1D3I,1,TRUE,FALSE,0.333555758,
TBC1D3G_TBC1D3K,TBC1D3G,TBC1D3K,1,TRUE,FALSE,0.196039036,
TBC1D3G_TBC1D3L,TBC1D3G,TBC1D3L,1,TRUE,FALSE,0.187316254,
TBC1D3H_TBC1D3I,TBC1D3H,TBC1D3I,1,TRUE,FALSE,0.201933309,
TBC1D3H_TBC1D3K,TBC1D3H,TBC1D3K,1,TRUE,FALSE,0.115056738,
TBC1D3H_TBC1D3L,TBC1D3H,TBC1D3L,1,TRUE,FALSE,0.124711759,
TBC1D3I_TBC1D3K,TBC1D3I,TBC1D3K,1,TRUE,FALSE,0.226631254,
TBC1D3I_TBC1D3L,TBC1D3I,TBC1D3L,1,TRUE,FALSE,0.196686983,
TBC1D3K_TBC1D3L,TBC1D3K,TBC1D3L,1,TRUE,FALSE,0.109771766,
TBC1D3_TBC1D3B,TBC1D3,TBC1D3B,1,TRUE,FALSE,0.207827672,
TBC1D3_TBC1D3C,TBC1D3,TBC1D3C,1,TRUE,FALSE,0.116152816,
TBC1D3_TBC1D3D,TBC1D3,TBC1D3D,1,TRUE,FALSE,0.101496547,
TBC1D3_TBC1D3E,TBC1D3,TBC1D3E,1,TRUE,FALSE,0.064920701,
TBC1D3_TBC1D3F,TBC1D3,TBC1D3F,1,TRUE,FALSE,0.098571308,
TBC1D3_TBC1D3G,TBC1D3,TBC1D3G,1,TRUE,FALSE,0.200944543,
TBC1D3_TBC1D3H,TBC1D3,TBC1D3H,1,TRUE,FALSE,0.117022425,
TBC1D3_TBC1D3I,TBC1D3,TBC1D3I,1,TRUE,FALSE,0.208335042,
TBC1D3_TBC1D3K,TBC1D3,TBC1D3K,1,TRUE,FALSE,0.12591508,
TBC1D3_TBC1D3L,TBC1D3,TBC1D3L,1,TRUE,FALSE,0.117454186,
TEX13A_TEX13C,TEX13A,TEX13C,2,TRUE,TRUE,0.004843995,0.005633838
TEX13A_TEX13D,TEX13A,TEX13D,2,TRUE,TRUE,0.006317411,0.006356315
TEX13C_TEX13D,TEX13C,TEX13D,1,TRUE,FALSE,0.0036766,
TMEM191B_TMEM191C,TMEM191B,TMEM191C,1,TRUE,FALSE,0.032047402,
TMSB15A_TMSB15B,TMSB15A,TMSB15B,1,TRUE,FALSE,0.023674814,
TMSB4Y_TMSB15A,TMSB4Y,TMSB15A,2,TRUE,TRUE,0.014672444,0.032313623
TMSB4Y_TMSB15B,TMSB4Y,TMSB15B,2,TRUE,TRUE,0.017344361,0.034164466
TP53TG3B_TP53TG3C,TP53TG3B,TP53TG3C,1,TRUE,FALSE,0.22858721,
TP53TG3B_TP53TG3D,TP53TG3B,TP53TG3D,1,TRUE,FALSE,0.229560584,
TP53TG3B_TP53TG3E,TP53TG3B,TP53TG3E,1,TRUE,FALSE,0.227378711,
TP53TG3B_TP53TG3F,TP53TG3B,TP53TG3F,1,TRUE,FALSE,0.222586736,
TP53TG3C_TP53TG3D,TP53TG3C,TP53TG3D,1,TRUE,FALSE,0.212546811,
TP53TG3C_TP53TG3E,TP53TG3C,TP53TG3E,1,TRUE,FALSE,0.203298017,
TP53TG3C_TP53TG3F,TP53TG3C,TP53TG3F,1,TRUE,FALSE,0.206470877,
TP53TG3D_TP53TG3E,TP53TG3D,TP53TG3E,1,TRUE,FALSE,0.20872201,
TP53TG3D_TP53TG3F,TP53TG3D,TP53TG3F,1,TRUE,FALSE,0.205427706,
TP53TG3_TP53TG3B,TP53TG3,TP53TG3B,1,TRUE,FALSE,0.210932672,
TP53TG3_TP53TG3C,TP53TG3,TP53TG3C,1,TRUE,FALSE,0.201396853,
TP53TG3_TP53TG3D,TP53TG3,TP53TG3D,1,TRUE,FALSE,0.188127011,
TP53TG3_TP53TG3E,TP53TG3,TP53TG3E,1,TRUE,FALSE,0.201138079,
TP53TG3_TP53TG3F,TP53TG3,TP53TG3F,1,TRUE,FALSE,0.20452559,
TRAPPC2_TRAPPC2B,TRAPPC2,TRAPPC2B,1,TRUE,FALSE,0.21670257,
TRIM43B_TRIM49,TRIM43B,TRIM49,1,TRUE,FALSE,0.252585053,
TRIM43B_TRIM49C,TRIM43B,TRIM49C,1,TRUE,FALSE,0.253455848,
TRIM43B_TRIM49D2,TRIM43B,TRIM49D2,1,TRUE,FALSE,0.266165495,
TRIM43B_TRIM51,TRIM43B,TRIM51,1,TRUE,FALSE,0.213259608,
TRIM43B_TRIM64,TRIM43B,TRIM64,1,TRUE,FALSE,0.265176833,
TRIM43B_TRIM64B,TRIM43B,TRIM64B,1,TRUE,FALSE,0.270889789,
TRIM43B_TRIM64C,TRIM43B,TRIM64C,1,TRUE,FALSE,0.208834082,
TRIM49C_TRIM49D2,TRIM49C,TRIM49D2,1,TRUE,FALSE,0.341300398,
TRIM49C_TRIM51,TRIM49C,TRIM51,1,TRUE,FALSE,0.177821487,
TRIM49C_TRIM64,TRIM49C,TRIM64,1,TRUE,FALSE,0.346689731,
TRIM49C_TRIM64B,TRIM49C,TRIM64B,1,TRUE,FALSE,0.35564062,
TRIM49C_TRIM64C,TRIM49C,TRIM64C,1,TRUE,FALSE,0.268190056,
TRIM49D2_TRIM51,TRIM49D2,TRIM51,1,TRUE,FALSE,0.201730937,
TRIM49D2_TRIM64,TRIM49D2,TRIM64,1,TRUE,FALSE,0.369794846,
TRIM49D2_TRIM64B,TRIM49D2,TRIM64B,1,TRUE,FALSE,0.384674996,
TRIM49D2_TRIM64C,TRIM49D2,TRIM64C,1,TRUE,FALSE,0.277836084,
TRIM49_TRIM49C,TRIM49,TRIM49C,1,TRUE,FALSE,0.325876623,
TRIM49_TRIM49D2,TRIM49,TRIM49D2,1,TRUE,FALSE,0.357300192,
TRIM49_TRIM51,TRIM49,TRIM51,1,TRUE,FALSE,0.182364479,
TRIM49_TRIM64,TRIM49,TRIM64,1,TRUE,FALSE,0.338864923,
TRIM49_TRIM64B,TRIM49,TRIM64B,1,TRUE,FALSE,0.340861738,
TRIM49_TRIM64C,TRIM49,TRIM64C,1,TRUE,FALSE,0.26092869,
TRIM51_TRIM64,TRIM51,TRIM64,1,TRUE,FALSE,0.22835508,
TRIM51_TRIM64B,TRIM51,TRIM64B,1,TRUE,FALSE,0.121578284,
TRIM51_TRIM64C,TRIM51,TRIM64C,1,TRUE,FALSE,0.131452143,
TRIM64B_TRIM64C,TRIM64B,TRIM64C,1,TRUE,FALSE,0.220557556,
TRIM64_TRIM64B,TRIM64,TRIM64B,1,TRUE,FALSE,0.352178216,
TRIM64_TRIM64C,TRIM64,TRIM64C,1,TRUE,FALSE,0.243526459,
TSPY1_TSPY10,TSPY1,TSPY10,1,TRUE,FALSE,0.07595068,
TSPY1_TSPY2,TSPY1,TSPY2,1,TRUE,FALSE,0.046646785,
TSPY1_TSPY3,TSPY1,TSPY3,1,TRUE,FALSE,0.077447116,
TSPY1_TSPY4,TSPY1,TSPY4,1,TRUE,FALSE,0.070855245,
TSPY1_TSPY8,TSPY1,TSPY8,1,TRUE,FALSE,0.07706292,
TSPY2_TSPY10,TSPY2,TSPY10,1,TRUE,FALSE,0.065863065,
TSPY2_TSPY3,TSPY2,TSPY3,1,TRUE,FALSE,0.066645645,
TSPY2_TSPY4,TSPY2,TSPY4,1,TRUE,FALSE,0.061226137,
TSPY2_TSPY8,TSPY2,TSPY8,1,TRUE,FALSE,0.07019788,
TSPY3_TSPY10,TSPY3,TSPY10,1,TRUE,FALSE,0.10256984,
TSPY3_TSPY4,TSPY3,TSPY4,1,TRUE,FALSE,0.087038875,
TSPY3_TSPY8,TSPY3,TSPY8,1,TRUE,FALSE,0.091620222,
TSPY4_TSPY10,TSPY4,TSPY10,1,TRUE,FALSE,0.083581865,
TSPY4_TSPY8,TSPY4,TSPY8,1,TRUE,FALSE,0.085606337,
TSPY8_TSPY10,TSPY8,TSPY10,1,TRUE,FALSE,0.089329876,
TUBA1C_TUBA4B,TUBA1C,TUBA4B,2,TRUE,TRUE,0.336623639,0.15925929
UPK3BL1_UPK3BL2,UPK3BL1,UPK3BL2,1,TRUE,FALSE,0.071165882,
USP17L11_USP17L12,USP17L11,USP17L12,1,TRUE,FALSE,0.11582955,
USP17L11_USP17L15,USP17L11,USP17L15,1,TRUE,FALSE,0.172308266,
USP17L11_USP17L17,USP17L11,USP17L17,1,TRUE,FALSE,0.216897294,
USP17L11_USP17L18,USP17L11,USP17L18,1,TRUE,FALSE,0.182832286,
USP17L11_USP17L19,USP17L11,USP17L19,1,TRUE,FALSE,0.176381037,
USP17L11_USP17L20,USP17L11,USP17L20,1,TRUE,FALSE,0.213132009,
USP17L11_USP17L21,USP17L11,USP17L21,1,TRUE,FALSE,0.120528392,
USP17L11_USP17L22,USP17L11,USP17L22,1,TRUE,FALSE,0.178609923,
USP17L12_USP17L15,USP17L12,USP17L15,1,TRUE,FALSE,0.092186108,
USP17L12_USP17L17,USP17L12,USP17L17,1,TRUE,FALSE,0.115643404,
USP17L12_USP17L18,USP17L12,USP17L18,1,TRUE,FALSE,0.097311772,
USP17L12_USP17L19,USP17L12,USP17L19,1,TRUE,FALSE,0.095817059,
USP17L12_USP17L20,USP17L12,USP17L20,1,TRUE,FALSE,0.127480656,
USP17L12_USP17L21,USP17L12,USP17L21,1,TRUE,FALSE,0.171741515,
USP17L12_USP17L22,USP17L12,USP17L22,1,TRUE,FALSE,0.093118273,
USP17L15_USP17L17,USP17L15,USP17L17,1,TRUE,FALSE,0.172403559,
USP17L15_USP17L18,USP17L15,USP17L18,1,TRUE,FALSE,0.18049784,
USP17L15_USP17L19,USP17L15,USP17L19,1,TRUE,FALSE,0.170693368,
USP17L15_USP17L20,USP17L15,USP17L20,1,TRUE,FALSE,0.167718902,
USP17L15_USP17L21,USP17L15,USP17L21,1,TRUE,FALSE,0.100284405,
USP17L15_USP17L22,USP17L15,USP17L22,1,TRUE,FALSE,0.167306289,
USP17L17_USP17L18,USP17L17,USP17L18,1,TRUE,FALSE,0.182400525,
USP17L17_USP17L19,USP17L17,USP17L19,1,TRUE,FALSE,0.173619196,
USP17L17_USP17L20,USP17L17,USP17L20,1,TRUE,FALSE,0.209735855,
USP17L17_USP17L21,USP17L17,USP17L21,1,TRUE,FALSE,0.120064467,
USP17L17_USP17L22,USP17L17,USP17L22,1,TRUE,FALSE,0.178459182,
USP17L18_USP17L19,USP17L18,USP17L19,1,TRUE,FALSE,0.173556939,
USP17L18_USP17L20,USP17L18,USP17L20,1,TRUE,FALSE,0.182466522,
USP17L18_USP17L21,USP17L18,USP17L21,1,TRUE,FALSE,0.106377922,
USP17L18_USP17L22,USP17L18,USP17L22,1,TRUE,FALSE,0.180071101,
USP17L19_USP17L20,USP17L19,USP17L20,1,TRUE,FALSE,0.174506202,
USP17L19_USP17L21,USP17L19,USP17L21,1,TRUE,FALSE,0.10374739,
USP17L19_USP17L22,USP17L19,USP17L22,1,TRUE,FALSE,0.169451565,
USP17L1_USP17L11,USP17L1,USP17L11,1,TRUE,FALSE,0.106840976,
USP17L1_USP17L12,USP17L1,USP17L12,1,TRUE,FALSE,0.165779501,
USP17L1_USP17L15,USP17L1,USP17L15,1,TRUE,FALSE,0.090330765,
USP17L1_USP17L17,USP17L1,USP17L17,1,TRUE,FALSE,0.10650932,
USP17L1_USP17L18,USP17L1,USP17L18,1,TRUE,FALSE,0.103088319,
USP17L1_USP17L19,USP17L1,USP17L19,1,TRUE,FALSE,0.098573856,
USP17L1_USP17L2,USP17L1,USP17L2,1,TRUE,FALSE,0.138128802,
USP17L1_USP17L20,USP17L1,USP17L20,1,TRUE,FALSE,0.121909164,
USP17L1_USP17L21,USP17L1,USP17L21,1,TRUE,FALSE,0.145134374,
USP17L1_USP17L22,USP17L1,USP17L22,1,TRUE,FALSE,0.088181533,
USP17L1_USP17L3,USP17L1,USP17L3,1,TRUE,FALSE,0.137928441,
USP17L1_USP17L4,USP17L1,USP17L4,1,TRUE,FALSE,0.125364646,
USP17L1_USP17L7,USP17L1,USP17L7,1,TRUE,FALSE,0.11172498,
USP17L1_USP17L8,USP17L1,USP17L8,1,TRUE,FALSE,0.135717198,
USP17L20_USP17L21,USP17L20,USP17L21,1,TRUE,FALSE,0.136090145,
USP17L20_USP17L22,USP17L20,USP17L22,1,TRUE,FALSE,0.169688761,
USP17L21_USP17L22,USP17L21,USP17L22,1,TRUE,FALSE,0.096264705,
USP17L2_USP17L11,USP17L2,USP17L11,1,TRUE,FALSE,0.112919509,
USP17L2_USP17L12,USP17L2,USP17L12,1,TRUE,FALSE,0.163872555,
USP17L2_USP17L15,USP17L2,USP17L15,1,TRUE,FALSE,0.086058319,
USP17L2_USP17L17,USP17L2,USP17L17,1,TRUE,FALSE,0.112378202,
USP17L2_USP17L18,USP17L2,USP17L18,1,TRUE,FALSE,0.101350844,
USP17L2_USP17L19,USP17L2,USP17L19,1,TRUE,FALSE,0.092651859,
USP17L2_USP17L20,USP17L2,USP17L20,1,TRUE,FALSE,0.129883692,
USP17L2_USP17L21,USP17L2,USP17L21,1,TRUE,FALSE,0.145838529,
USP17L2_USP17L22,USP17L2,USP17L22,1,TRUE,FALSE,0.091276415,
USP17L2_USP17L3,USP17L2,USP17L3,1,TRUE,FALSE,0.138423786,
USP17L2_USP17L4,USP17L2,USP17L4,1,TRUE,FALSE,0.126262531,
USP17L2_USP17L7,USP17L2,USP17L7,1,TRUE,FALSE,0.135939315,
USP17L2_USP17L8,USP17L2,USP17L8,1,TRUE,FALSE,0.143963218,
USP17L3_USP17L11,USP17L3,USP17L11,1,TRUE,FALSE,0.115067124,
USP17L3_USP17L12,USP17L3,USP17L12,1,TRUE,FALSE,0.159812257,
USP17L3_USP17L15,USP17L3,USP17L15,1,TRUE,FALSE,0.08660721,
USP17L3_USP17L17,USP17L3,USP17L17,1,TRUE,FALSE,0.115269862,
USP17L3_USP17L18,USP17L3,USP17L18,1,TRUE,FALSE,0.096661694,
USP17L3_USP17L19,USP17L3,USP17L19,1,TRUE,FALSE,0.090737514,
USP17L3_USP17L20,USP17L3,USP17L20,1,TRUE,FALSE,0.132239267,
USP17L3_USP17L21,USP17L3,USP17L21,1,TRUE,FALSE,0.141465232,
USP17L3_USP17L22,USP17L3,USP17L22,1,TRUE,FALSE,0.089391269,
USP17L3_USP17L4,USP17L3,USP17L4,1,TRUE,FALSE,0.126359478,
USP17L3_USP17L7,USP17L3,USP17L7,1,TRUE,FALSE,0.110193595,
USP17L3_USP17L8,USP17L3,USP17L8,1,TRUE,FALSE,0.135677442,
USP17L4_USP17L11,USP17L4,USP17L11,1,TRUE,FALSE,0.108000793,
USP17L4_USP17L12,USP17L4,USP17L12,1,TRUE,FALSE,0.150840446,
USP17L4_USP17L15,USP17L4,USP17L15,1,TRUE,FALSE,0.091573492,
USP17L4_USP17L17,USP17L4,USP17L17,1,TRUE,FALSE,0.107917815,
USP17L4_USP17L18,USP17L4,USP17L18,1,TRUE,FALSE,0.09759111,
USP17L4_USP17L19,USP17L4,USP17L19,1,TRUE,FALSE,0.092879891,
USP17L4_USP17L20,USP17L4,USP17L20,1,TRUE,FALSE,0.120520979,
USP17L4_USP17L21,USP17L4,USP17L21,1,TRUE,FALSE,0.137594208,
USP17L4_USP17L22,USP17L4,USP17L22,1,TRUE,FALSE,0.083676301,
USP17L4_USP17L7,USP17L4,USP17L7,1,TRUE,FALSE,0.115775384,
USP17L4_USP17L8,USP17L4,USP17L8,1,TRUE,FALSE,0.13325879,
USP17L7_USP17L11,USP17L7,USP17L11,1,TRUE,FALSE,0.108048111,
USP17L7_USP17L12,USP17L7,USP17L12,1,TRUE,FALSE,0.140205309,
USP17L7_USP17L15,USP17L7,USP17L15,1,TRUE,FALSE,0.079410516,
USP17L7_USP17L17,USP17L7,USP17L17,1,TRUE,FALSE,0.108429424,
USP17L7_USP17L18,USP17L7,USP17L18,1,TRUE,FALSE,0.092347071,
USP17L7_USP17L19,USP17L7,USP17L19,1,TRUE,FALSE,0.083362378,
USP17L7_USP17L20,USP17L7,USP17L20,1,TRUE,FALSE,0.121368267,
USP17L7_USP17L21,USP17L7,USP17L21,1,TRUE,FALSE,0.118633054,
USP17L7_USP17L22,USP17L7,USP17L22,1,TRUE,FALSE,0.083171017,
USP17L7_USP17L8,USP17L7,USP17L8,1,TRUE,FALSE,0.128321022,
USP17L8_USP17L11,USP17L8,USP17L11,1,TRUE,FALSE,0.12570329,
USP17L8_USP17L12,USP17L8,USP17L12,1,TRUE,FALSE,0.167734921,
USP17L8_USP17L15,USP17L8,USP17L15,1,TRUE,FALSE,0.091672271,
USP17L8_USP17L17,USP17L8,USP17L17,1,TRUE,FALSE,0.126686454,
USP17L8_USP17L18,USP17L8,USP17L18,1,TRUE,FALSE,0.102842309,
USP17L8_USP17L19,USP17L8,USP17L19,1,TRUE,FALSE,0.098168127,
USP17L8_USP17L20,USP17L8,USP17L20,1,TRUE,FALSE,0.140759438,
USP17L8_USP17L21,USP17L8,USP17L21,1,TRUE,FALSE,0.151462495,
USP17L8_USP17L22,USP17L8,USP17L22,1,TRUE,FALSE,0.094881721,
VCX2_VCX3A,VCX2,VCX3A,1,TRUE,FALSE,0.012061479,
VCX2_VCX3B,VCX2,VCX3B,1,TRUE,FALSE,0.053502128,
VCX2_VCY,VCX2,VCY,1,TRUE,FALSE,0.041593689,
VCX2_VCY1B,VCX2,VCY1B,1,TRUE,FALSE,0.042829875,
VCX3A_VCX3B,VCX3A,VCX3B,1,TRUE,FALSE,0.081590772,
VCX3A_VCY,VCX3A,VCY,1,TRUE,FALSE,0.012529626,
VCX3A_VCY1B,VCX3A,VCY1B,1,TRUE,FALSE,0.010214423,
VCX3B_VCY,VCX3B,VCY,1,TRUE,FALSE,0.055882372,
VCX3B_VCY1B,VCX3B,VCY1B,1,TRUE,FALSE,0.049149163,
VCX_VCX2,VCX,VCX2,1,TRUE,FALSE,0.021235378,
VCX_VCX3A,VCX,VCX3A,1,TRUE,FALSE,0.010620296,
VCX_VCX3B,VCX,VCX3B,1,TRUE,FALSE,0.029345481,
VCX_VCY,VCX,VCY,1,TRUE,FALSE,0.012910362,
VCX_VCY1B,VCX,VCY1B,1,TRUE,FALSE,0.006170051,
VCY_VCY1B,VCY,VCY1B,1,TRUE,FALSE,0.089492381,
XAGE1A_XAGE1B,XAGE1A,XAGE1B,1,TRUE,FALSE,0.114990093,
ZNF117_ZNF254,ZNF117,ZNF254,1,TRUE,FALSE,0.03252089,
ZNF117_ZNF595,ZNF117,ZNF595,2,TRUE,TRUE,0.028996073,0.071214855
ZNF117_ZNF626,ZNF117,ZNF626,1,TRUE,FALSE,0.066844225,
ZNF117_ZNF718,ZNF117,ZNF718,1,TRUE,FALSE,0.024251122,
ZNF117_ZNF723,ZNF117,ZNF723,1,TRUE,FALSE,0.046338152,
ZNF117_ZNF724,ZNF117,ZNF724,1,TRUE,FALSE,0.031142319,
ZNF117_ZNF735,ZNF117,ZNF735,1,TRUE,FALSE,0.049439561,
ZNF254_ZNF595,ZNF254,ZNF595,2,TRUE,TRUE,0.021386992,0.087590232
ZNF254_ZNF626,ZNF254,ZNF626,1,TRUE,FALSE,0.08829017,
ZNF254_ZNF718,ZNF254,ZNF718,1,TRUE,FALSE,0.027937898,
ZNF254_ZNF723,ZNF254,ZNF723,1,TRUE,FALSE,0.039867304,
ZNF254_ZNF724,ZNF254,ZNF724,1,TRUE,FALSE,0.030288953,
ZNF254_ZNF735,ZNF254,ZNF735,1,TRUE,FALSE,0.043801021,
ZNF417_ZNF587,ZNF417,ZNF587,1,TRUE,FALSE,0.349387735,
ZNF525_ZNF761,ZNF525,ZNF761,1,TRUE,FALSE,0.026361987,
ZNF595_ZNF626,ZNF595,ZNF626,2,TRUE,TRUE,0.067912109,0.050722469
ZNF595_ZNF718,ZNF595,ZNF718,2,TRUE,TRUE,0.027103383,0.06806124
ZNF595_ZNF723,ZNF595,ZNF723,2,TRUE,TRUE,0.03888147,0.083399579
ZNF595_ZNF724,ZNF595,ZNF724,2,TRUE,TRUE,0.025514392,0.065198779
ZNF595_ZNF735,ZNF595,ZNF735,2,TRUE,TRUE,0.043747738,0.09353245
ZNF626_ZNF718,ZNF626,ZNF718,1,TRUE,FALSE,0.073141962,
ZNF626_ZNF723,ZNF626,ZNF723,1,TRUE,FALSE,0.130019918,
ZNF626_ZNF724,ZNF626,ZNF724,1,TRUE,FALSE,0.129290625,
ZNF626_ZNF735,ZNF626,ZNF735,1,TRUE,FALSE,0.080644906,
ZNF66_ZNF117,ZNF66,ZNF117,1,TRUE,FALSE,0.032456178,
ZNF66_ZNF254,ZNF66,ZNF254,1,TRUE,FALSE,0.041848313,
ZNF66_ZNF595,ZNF66,ZNF595,2,TRUE,TRUE,0.030304022,0.057998799
ZNF66_ZNF626,ZNF66,ZNF626,1,TRUE,FALSE,0.107754976,
ZNF66_ZNF718,ZNF66,ZNF718,1,TRUE,FALSE,0.044543963,
ZNF66_ZNF735,ZNF66,ZNF735,1,TRUE,FALSE,0.055823915,
ZNF66_ZNF98,ZNF66,ZNF98,1,TRUE,FALSE,0.103562519,
ZNF705B_ZNF705D,ZNF705B,ZNF705D,1,TRUE,FALSE,0.095818192,
ZNF705B_ZNF705EP,ZNF705B,ZNF705EP,1,TRUE,FALSE,0.058900077,
ZNF705D_ZNF705EP,ZNF705D,ZNF705EP,1,TRUE,FALSE,0.057980377,
ZNF718_ZNF723,ZNF718,ZNF723,1,TRUE,FALSE,0.04917131,
ZNF718_ZNF724,ZNF718,ZNF724,1,TRUE,FALSE,0.032737881,
ZNF718_ZNF735,ZNF718,ZNF735,1,TRUE,FALSE,0.050734825,
ZNF723_ZNF735,ZNF723,ZNF735,1,TRUE,FALSE,0.055717584,
ZNF724_ZNF735,ZNF724,ZNF735,1,TRUE,FALSE,0.045923404,
ZNF761_ZNF888,ZNF761,ZNF888,1,TRUE,FALSE,0.033314373,
ZNF98_ZNF117,ZNF98,ZNF117,1,TRUE,FALSE,0.041588061,
ZNF98_ZNF254,ZNF98,ZNF254,1,TRUE,FALSE,0.035033748,
ZNF98_ZNF595,ZNF98,ZNF595,2,TRUE,TRUE,0.028620673,0.076045081
ZNF98_ZNF626,ZNF98,ZNF626,1,TRUE,FALSE,0.088324688,
ZNF98_ZNF718,ZNF98,ZNF718,1,TRUE,FALSE,0.041867673,
ZNF98_ZNF723,ZNF98,ZNF723,1,TRUE,FALSE,0.137267217,
ZNF98_ZNF724,ZNF98,ZNF724,1,TRUE,FALSE,0.065966263,
ZNF98_ZNF735,ZNF98,ZNF735,1,TRUE,FALSE,0.047217932,
ZNG1C_ZNG1E,ZNG1C,ZNG1E,1,TRUE,FALSE,0.24534054,
ZNG1C_ZNG1F,ZNG1C,ZNG1F,1,TRUE,FALSE,0.2652666,
ZNG1E_ZNG1F,ZNG1E,ZNG1F,1,TRUE,FALSE,0.263223,
ZSCAN12_ZSCAN26,ZSCAN12,ZSCAN26,2,TRUE,TRUE,0.008544059,0.008531055